CPR;Bloc;Application;Statut;Dťtail
Versement Libre Selfcare LCL (Lot V26.1);APPE;New NOVA (K8S+AWS);Composant crťť ou modifiť;
Versement Libre Selfcare LCL (Lot V26.1);CJNI;New NOVA (K8S+AWS);Composant crťť ou modifiť;
Versement Libre Selfcare LCL (Lot V26.1);C8;New NOVA (K8S+AWS);Composant crťť ou modifiť;
Versement Libre Selfcare LCL (Lot V26.1);D9;New NOVA (K8S+AWS);Composant crťť ou modifiť;
Versement Libre Selfcare LCL (Lot V26.1);F3;New NOVA (K8S+AWS);Composant crťť ou modifiť;
Versement Libre Selfcare LCL (Lot V26.1);F4;New NOVA (K8S+AWS);Composant crťť ou modifiť;
Versement Libre Selfcare LCL (Lot V26.1);F5;New NOVA (K8S+AWS);Composant crťť ou modifiť;
Versement Libre Selfcare LCL (Lot V26.1);F6;New NOVA (K8S+AWS);Composant crťť ou modifiť;
Versement Libre Selfcare LCL (Lot V26.1);F7;New NOVA (K8S+AWS);Composant crťť ou modifiť;
Versement Libre Selfcare LCL (Lot V26.1);F8;New NOVA (K8S+AWS);Composant crťť ou modifiť;
Versement Libre Selfcare LCL (Lot V26.1);G3;New NOVA (K8S+AWS);Composant non exploitť;
Versement Libre Selfcare LCL (Lot V26.1);G4;New NOVA (K8S+AWS);Composant non exploitť;
Versement Libre Selfcare LCL (Lot V26.1);G6;New NOVA (K8S+AWS);Composant non exploitť;
Versement Libre Selfcare LCL (Lot V26.1);GQ;New NOVA (K8S+AWS);Composant non exploitť;
Versement Libre Selfcare LCL (Lot V26.1);H4;New NOVA (K8S+AWS);Composant non exploitť;
Versement Libre Selfcare LCL (Lot V26.1);HH;New NOVA (K8S+AWS);Composant non exploitť;
Versement Libre Selfcare LCL (Lot V26.1);I5;New NOVA (K8S+AWS);Composant non exploitť;
Versement Libre Selfcare LCL (Lot V26.1);I9;New NOVA (K8S+AWS);Composant non exploitť;
Versement Libre Selfcare LCL (Lot V26.1);K7;New NOVA (K8S+AWS);Composant non exploitť;
Versement Libre Selfcare LCL (Lot V26.1);K9;New NOVA (K8S+AWS);Composant non exploitť;
Versement Libre Selfcare LCL (Lot V26.1);L8;New NOVA (K8S+AWS);Composant non exploitť;
Versement Libre Selfcare LCL (Lot V26.1);L9;New NOVA (K8S+AWS);Composant non exploitť;
Versement Libre Selfcare LCL (Lot V26.1);N6;New NOVA (K8S+AWS);Composant non exploitť;
Versement Libre Selfcare LCL (Lot V26.1);N8;New NOVA (K8S+AWS);Composant non exploitť;
Versement Libre Selfcare LCL (Lot V26.1);P4;New NOVA (K8S+AWS);Composant non exploitť;
Versement Libre Selfcare LCL (Lot V26.1);P5;New NOVA (K8S+AWS);Composant non exploitť;
Versement Libre Selfcare LCL (Lot V26.1);P6;New NOVA (K8S+AWS);Composant non exploitť;
Versement Libre Selfcare LCL (Lot V26.1);P7;New NOVA (K8S+AWS);Composant non exploitť;
Versement Libre Selfcare LCL (Lot V26.1);P8;New NOVA (K8S+AWS);Composant non exploitť;
Versement Libre Selfcare LCL (Lot V26.1);Q1;New NOVA (K8S+AWS);Composant non exploitť;
Versement Libre Selfcare LCL (Lot V26.1);T2;New NOVA (K8S+AWS);Composant non exploitť;
Versement Libre Selfcare LCL (Lot V26.1);T3;New NOVA (K8S+AWS);Composant non exploitť;
Versement Libre Selfcare LCL (Lot V26.1);W1;New NOVA (K8S+AWS);Composant non exploitť;
Versement Libre Selfcare LCL (Lot V26.1);W2;New NOVA (K8S+AWS);Composant non exploitť;
Versement Libre Selfcare LCL (Lot V26.1);W4;New NOVA (K8S+AWS);Composant non exploitť;
Versement Libre Selfcare LCL (Lot V26.1);OX;NOVA;Composant non exploitť;
Versement Libre Selfcare LCL (Lot V26.1);MX;NOVA;Composant non exploitť;
Versement Libre Selfcare LCL (Lot V26.1);SX;NOVA;Composant non exploitť;
Versement Libre Selfcare LCL (Lot V26.1);HX;NOVA;Composant non exploitť;
Versement Libre Selfcare LCL (Lot V26.1);HJ;NOVA;Composant non exploitť;
Versement Libre Selfcare LCL (Lot V26.1);RX;NOVA;Composant non exploitť;
Versement Libre Selfcare LCL (Lot V26.1);WP;NOVA;Composant non exploitť;
Versement Libre Selfcare LCL (Lot V26.1);FM;NOVA;Composant non exploitť;
Versement Libre Selfcare LCL (Lot V26.1);JF;NOVA;Composant non exploitť;
Versement Libre Selfcare LCL (Lot V26.1);GG;NOVA;Composant non exploitť;
Versement Libre Selfcare LCL (Lot V26.1);GH;NOVA;Composant non exploitť;
Versement Libre Selfcare LCL (Lot V26.1);CICS (LCL);MVS Z/OS (Ingenium);Composant utilisť;
Versement Libre Selfcare LCL (Lot V26.1);DB2 (LCL);MVS Z/OS (Ingenium);Composant utilisť;
Versement Libre Selfcare LCL (Lot V26.1);INVI/VC (LCL);MVS Z/OS (Ingenium);Composant utilisť;
Versement Libre Selfcare LCL (Lot V26.1);PE (LCL);MVS Z/OS (Ingenium);Composant utilisť;
Versement Libre Selfcare LCL (Lot V26.1);CICS (CA);MVS Z/OS (Ingenium);Composant utilisť;
Versement Libre Selfcare LCL (Lot V26.1);DB2 (CA);MVS Z/OS (Ingenium);Composant utilisť;
Versement Libre Selfcare LCL (Lot V26.1);INVI/VC (CA);MVS Z/OS (Ingenium);Composant utilisť;
Versement Libre Selfcare LCL (Lot V26.1);PE (CA);MVS Z/OS (Ingenium);Composant utilisť;
Versement Libre Selfcare LCL (Lot V26.1);Dťt. Contrat natif MB;CA-TS;Composant utilisť;
Versement Libre Selfcare LCL (Lot V26.1);Microservices;CA-TS;Composant utilisť;
Versement Libre Selfcare LCL (Lot V26.1);BAM;CA-TS;Composant utilisť;
Versement Libre Selfcare LCL (Lot V26.1);NPC;CA-TS;Composant utilisť;
Versement Libre Selfcare LCL (Lot V26.1);SIG9;CA-TS;Composant utilisť;
Versement Libre Selfcare LCL (Lot V26.1);RAC;CA-TS;Composant utilisť;
Versement Libre Selfcare LCL (Lot V26.1);PDI9;CA-TS;Composant utilisť;
Versement Libre Selfcare LCL (Lot V26.1);Xconnect;CA-TS;Composant utilisť;
Versement Libre Selfcare LCL (Lot V26.1);BPM;CA-TS;Composant utilisť;
Versement Libre Selfcare LCL (Lot V26.1);SIMM;CA-TS;Composant utilisť;
Versement Libre Selfcare LCL (Lot V26.1);HUB;CA-TS;Composant utilisť;
Versement Libre Selfcare LCL (Lot V26.1);APX9;CA-TS;Composant utilisť;
Versement Libre Selfcare LCL (Lot V26.1);W5;Avanet;Composant non exploitť;
Versement Libre Selfcare LCL (Lot V26.1);AEDI;Avanet;Composant non exploitť;
Versement Libre Selfcare LCL (Lot V26.1);SVOD;Avanet;Composant non exploitť;
Versement Libre Selfcare LCL (Lot V26.1);PW;Avanet;Composant non exploitť;
Versement Libre Selfcare LCL (Lot V26.1);VS;SimulAssur;Composant non exploitť;
Versement Libre Selfcare LCL (Lot V26.1);SR;SimulAssur;Composant non exploitť;
Versement Libre Selfcare LCL (Lot V26.1);EP;SimulAssur;Composant non exploitť;
Versement Libre Selfcare LCL (Lot V26.1);J2;Plateforme Data (PFD);Composant non exploitť;
Versement Libre Selfcare LCL (Lot V26.1);J6;Plateforme Data (PFD);Composant non exploitť;
Versement Libre Selfcare LCL (Lot V26.1);J8;Plateforme Data (PFD);Composant non exploitť;
Versement Libre Selfcare LCL (Lot V26.1);MesComptes;LCL;Composant non exploitť;
Versement Libre Selfcare LCL (Lot V26.1);BEL;LCL;Composant non exploitť;
Versement Libre Selfcare LCL (Lot V26.1);Docapost;LCL;Composant non exploitť;
Versement Libre Selfcare LCL (Lot V26.1);BD;Prediweb 1;Composant non exploitť;
Versement Libre Selfcare LCL (Lot V26.1);SGR;Prediweb 1;Composant non exploitť;
Versement Libre Selfcare LCL (Lot V26.1);PY;Prediweb 2;Composant non exploitť;
Versement Libre Selfcare LCL (Lot V26.1);AJ;AIA V4 (Sinistres);Composant non exploitť;
Versement Libre Selfcare LCL (Lot V26.1);PWC2;ETL;Composant non exploitť;
Versement Libre Selfcare LCL (Lot V26.1);EBX;EBX;Composant non exploitť;
Versement Libre Selfcare LCL (Lot V26.1);VL;REFUC;Composant non exploitť;
Versement Libre Selfcare LCL (Lot V26.1);BX;BDOC;Composant non exploitť;
Versement Libre Selfcare LCL (Lot V26.1);ONDM;Editique;Composant non exploitť;
Adhťsion selfcare LCL;APPE;New NOVA (K8S+AWS);Composant crťť ou modifiť;
Adhťsion selfcare LCL;CJNI;New NOVA (K8S+AWS);Composant crťť ou modifiť;
Adhťsion selfcare LCL;C8;New NOVA (K8S+AWS);Composant crťť ou modifiť;
Adhťsion selfcare LCL;D9;New NOVA (K8S+AWS);Composant crťť ou modifiť;
Adhťsion selfcare LCL;F3;New NOVA (K8S+AWS);Composant crťť ou modifiť;
Adhťsion selfcare LCL;F4;New NOVA (K8S+AWS);Composant crťť ou modifiť;
Adhťsion selfcare LCL;F5;New NOVA (K8S+AWS);Composant crťť ou modifiť;
Adhťsion selfcare LCL;F6;New NOVA (K8S+AWS);Composant crťť ou modifiť;
Adhťsion selfcare LCL;F7;New NOVA (K8S+AWS);Composant crťť ou modifiť;
Adhťsion selfcare LCL;F8;New NOVA (K8S+AWS);Composant crťť ou modifiť;
Adhťsion selfcare LCL;G3;New NOVA (K8S+AWS);Composant non exploitť;
Adhťsion selfcare LCL;G4;New NOVA (K8S+AWS);Composant non exploitť;
Adhťsion selfcare LCL;G6;New NOVA (K8S+AWS);Composant non exploitť;
Adhťsion selfcare LCL;GQ;New NOVA (K8S+AWS);Composant non exploitť;
Adhťsion selfcare LCL;H4;New NOVA (K8S+AWS);Composant non exploitť;
Adhťsion selfcare LCL;HH;New NOVA (K8S+AWS);Composant non exploitť;
Adhťsion selfcare LCL;I5;New NOVA (K8S+AWS);Composant non exploitť;
Adhťsion selfcare LCL;I9;New NOVA (K8S+AWS);Composant non exploitť;
Adhťsion selfcare LCL;K7;New NOVA (K8S+AWS);Composant non exploitť;
Adhťsion selfcare LCL;K9;New NOVA (K8S+AWS);Composant non exploitť;
Adhťsion selfcare LCL;L8;New NOVA (K8S+AWS);Composant non exploitť;
Adhťsion selfcare LCL;L9;New NOVA (K8S+AWS);Composant non exploitť;
Adhťsion selfcare LCL;N6;New NOVA (K8S+AWS);Composant non exploitť;
Adhťsion selfcare LCL;N8;New NOVA (K8S+AWS);Composant non exploitť;
Adhťsion selfcare LCL;P4;New NOVA (K8S+AWS);Composant non exploitť;
Adhťsion selfcare LCL;P5;New NOVA (K8S+AWS);Composant non exploitť;
Adhťsion selfcare LCL;P6;New NOVA (K8S+AWS);Composant non exploitť;
Adhťsion selfcare LCL;P7;New NOVA (K8S+AWS);Composant non exploitť;
Adhťsion selfcare LCL;P8;New NOVA (K8S+AWS);Composant non exploitť;
Adhťsion selfcare LCL;Q1;New NOVA (K8S+AWS);Composant non exploitť;
Adhťsion selfcare LCL;T2;New NOVA (K8S+AWS);Composant non exploitť;
Adhťsion selfcare LCL;T3;New NOVA (K8S+AWS);Composant non exploitť;
Adhťsion selfcare LCL;W1;New NOVA (K8S+AWS);Composant non exploitť;
Adhťsion selfcare LCL;W2;New NOVA (K8S+AWS);Composant non exploitť;
Adhťsion selfcare LCL;W4;New NOVA (K8S+AWS);Composant non exploitť;
Adhťsion selfcare LCL;OX;NOVA;Composant non exploitť;
Adhťsion selfcare LCL;MX;NOVA;Composant non exploitť;
Adhťsion selfcare LCL;SX;NOVA;Composant non exploitť;
Adhťsion selfcare LCL;HX;NOVA;Composant non exploitť;
Adhťsion selfcare LCL;HJ;NOVA;Composant non exploitť;
Adhťsion selfcare LCL;RX;NOVA;Composant non exploitť;
Adhťsion selfcare LCL;WP;NOVA;Composant non exploitť;
Adhťsion selfcare LCL;FM;NOVA;Composant non exploitť;
Adhťsion selfcare LCL;JF;NOVA;Composant non exploitť;
Adhťsion selfcare LCL;GG;NOVA;Composant non exploitť;
Adhťsion selfcare LCL;GH;NOVA;Composant non exploitť;
Adhťsion selfcare LCL;CICS (LCL);MVS Z/OS (Ingenium);Composant utilisť;
Adhťsion selfcare LCL;DB2 (LCL);MVS Z/OS (Ingenium);Composant utilisť;
Adhťsion selfcare LCL;INVI/VC (LCL);MVS Z/OS (Ingenium);Composant utilisť;
Adhťsion selfcare LCL;PE (LCL);MVS Z/OS (Ingenium);Composant utilisť;
Adhťsion selfcare LCL;CICS (CA);MVS Z/OS (Ingenium);Composant utilisť;
Adhťsion selfcare LCL;DB2 (CA);MVS Z/OS (Ingenium);Composant utilisť;
Adhťsion selfcare LCL;INVI/VC (CA);MVS Z/OS (Ingenium);Composant utilisť;
Adhťsion selfcare LCL;PE (CA);MVS Z/OS (Ingenium);Composant utilisť;
Adhťsion selfcare LCL;Dťt. Contrat natif MB;CA-TS;Composant utilisť;
Adhťsion selfcare LCL;Microservices;CA-TS;Composant utilisť;
Adhťsion selfcare LCL;BAM;CA-TS;Composant utilisť;
Adhťsion selfcare LCL;NPC;CA-TS;Composant utilisť;
Adhťsion selfcare LCL;SIG9;CA-TS;Composant utilisť;
Adhťsion selfcare LCL;RAC;CA-TS;Composant utilisť;
Adhťsion selfcare LCL;PDI9;CA-TS;Composant utilisť;
Adhťsion selfcare LCL;Xconnect;CA-TS;Composant utilisť;
Adhťsion selfcare LCL;BPM;CA-TS;Composant utilisť;
Adhťsion selfcare LCL;SIMM;CA-TS;Composant utilisť;
Adhťsion selfcare LCL;HUB;CA-TS;Composant utilisť;
Adhťsion selfcare LCL;APX9;CA-TS;Composant utilisť;
Adhťsion selfcare LCL;W5;Avanet;Composant non exploitť;
Adhťsion selfcare LCL;AEDI;Avanet;Composant non exploitť;
Adhťsion selfcare LCL;SVOD;Avanet;Composant non exploitť;
Adhťsion selfcare LCL;PW;Avanet;Composant non exploitť;
Adhťsion selfcare LCL;VS;SimulAssur;Composant non exploitť;
Adhťsion selfcare LCL;SR;SimulAssur;Composant non exploitť;
Adhťsion selfcare LCL;EP;SimulAssur;Composant non exploitť;
Adhťsion selfcare LCL;J2;Plateforme Data (PFD);Composant non exploitť;
Adhťsion selfcare LCL;J6;Plateforme Data (PFD);Composant non exploitť;
Adhťsion selfcare LCL;J8;Plateforme Data (PFD);Composant non exploitť;
Adhťsion selfcare LCL;MesComptes;LCL;Composant utilisť;
Adhťsion selfcare LCL;BEL;LCL;Composant utilisť;
Adhťsion selfcare LCL;Docapost;LCL;Composant utilisť;
Adhťsion selfcare LCL;BD;Prediweb 1;Composant non exploitť;
Adhťsion selfcare LCL;SGR;Prediweb 1;Composant non exploitť;
Adhťsion selfcare LCL;PY;Prediweb 2;Composant non exploitť;
Adhťsion selfcare LCL;AJ;AIA V4 (Sinistres);Composant non exploitť;
Adhťsion selfcare LCL;PWC2;ETL;Composant non exploitť;
Adhťsion selfcare LCL;EBX;EBX;Composant non exploitť;
Adhťsion selfcare LCL;VL;REFUC;Composant non exploitť;
Adhťsion selfcare LCL;BX;BDOC;Composant non exploitť;
Adhťsion selfcare LCL;ONDM;Editique;Composant non exploitť;
Accessibilitť ERI Audits;APPE;New NOVA (K8S+AWS);Composant crťť ou modifiť;
Accessibilitť ERI Audits;CJNI;New NOVA (K8S+AWS);Composant crťť ou modifiť;
Accessibilitť ERI Audits;C8;New NOVA (K8S+AWS);Composant crťť ou modifiť;
Accessibilitť ERI Audits;D9;New NOVA (K8S+AWS);Composant crťť ou modifiť;
Accessibilitť ERI Audits;F3;New NOVA (K8S+AWS);Composant crťť ou modifiť;
Accessibilitť ERI Audits;F4;New NOVA (K8S+AWS);Composant non exploitť;
Accessibilitť ERI Audits;F5;New NOVA (K8S+AWS);Composant non exploitť;
Accessibilitť ERI Audits;F6;New NOVA (K8S+AWS);Composant non exploitť;
Accessibilitť ERI Audits;F7;New NOVA (K8S+AWS);Composant non exploitť;
Accessibilitť ERI Audits;F8;New NOVA (K8S+AWS);Composant non exploitť;
Accessibilitť ERI Audits;G3;New NOVA (K8S+AWS);Composant non exploitť;
Accessibilitť ERI Audits;G4;New NOVA (K8S+AWS);Composant non exploitť;
Accessibilitť ERI Audits;G6;New NOVA (K8S+AWS);Composant non exploitť;
Accessibilitť ERI Audits;GQ;New NOVA (K8S+AWS);Composant non exploitť;
Accessibilitť ERI Audits;H4;New NOVA (K8S+AWS);Composant non exploitť;
Accessibilitť ERI Audits;HH;New NOVA (K8S+AWS);Composant non exploitť;
Accessibilitť ERI Audits;I5;New NOVA (K8S+AWS);Composant non exploitť;
Accessibilitť ERI Audits;I9;New NOVA (K8S+AWS);Composant non exploitť;
Accessibilitť ERI Audits;K7;New NOVA (K8S+AWS);Composant non exploitť;
Accessibilitť ERI Audits;K9;New NOVA (K8S+AWS);Composant non exploitť;
Accessibilitť ERI Audits;L8;New NOVA (K8S+AWS);Composant non exploitť;
Accessibilitť ERI Audits;L9;New NOVA (K8S+AWS);Composant non exploitť;
Accessibilitť ERI Audits;N6;New NOVA (K8S+AWS);Composant non exploitť;
Accessibilitť ERI Audits;N8;New NOVA (K8S+AWS);Composant non exploitť;
Accessibilitť ERI Audits;P4;New NOVA (K8S+AWS);Composant non exploitť;
Accessibilitť ERI Audits;P5;New NOVA (K8S+AWS);Composant non exploitť;
Accessibilitť ERI Audits;P6;New NOVA (K8S+AWS);Composant non exploitť;
Accessibilitť ERI Audits;P7;New NOVA (K8S+AWS);Composant non exploitť;
Accessibilitť ERI Audits;P8;New NOVA (K8S+AWS);Composant non exploitť;
Accessibilitť ERI Audits;Q1;New NOVA (K8S+AWS);Composant non exploitť;
Accessibilitť ERI Audits;T2;New NOVA (K8S+AWS);Composant non exploitť;
Accessibilitť ERI Audits;T3;New NOVA (K8S+AWS);Composant non exploitť;
Accessibilitť ERI Audits;W1;New NOVA (K8S+AWS);Composant non exploitť;
Accessibilitť ERI Audits;W2;New NOVA (K8S+AWS);Composant non exploitť;
Accessibilitť ERI Audits;W4;New NOVA (K8S+AWS);Composant non exploitť;
Accessibilitť ERI Audits;OX;NOVA;Composant non exploitť;
Accessibilitť ERI Audits;MX;NOVA;Composant non exploitť;
Accessibilitť ERI Audits;SX;NOVA;Composant non exploitť;
Accessibilitť ERI Audits;HX;NOVA;Composant non exploitť;
Accessibilitť ERI Audits;HJ;NOVA;Composant non exploitť;
Accessibilitť ERI Audits;RX;NOVA;Composant non exploitť;
Accessibilitť ERI Audits;WP;NOVA;Composant non exploitť;
Accessibilitť ERI Audits;FM;NOVA;Composant non exploitť;
Accessibilitť ERI Audits;JF;NOVA;Composant non exploitť;
Accessibilitť ERI Audits;GG;NOVA;Composant non exploitť;
Accessibilitť ERI Audits;GH;NOVA;Composant non exploitť;
Accessibilitť ERI Audits;CICS (LCL);MVS Z/OS (Ingenium);Composant utilisť;
Accessibilitť ERI Audits;DB2 (LCL);MVS Z/OS (Ingenium);Composant utilisť;
Accessibilitť ERI Audits;INVI/VC (LCL);MVS Z/OS (Ingenium);Composant utilisť;
Accessibilitť ERI Audits;PE (LCL);MVS Z/OS (Ingenium);Composant utilisť;
Accessibilitť ERI Audits;CICS (CA);MVS Z/OS (Ingenium);Composant utilisť;
Accessibilitť ERI Audits;DB2 (CA);MVS Z/OS (Ingenium);Composant utilisť;
Accessibilitť ERI Audits;INVI/VC (CA);MVS Z/OS (Ingenium);Composant utilisť;
Accessibilitť ERI Audits;PE (CA);MVS Z/OS (Ingenium);Composant utilisť;
Accessibilitť ERI Audits;Dťt. Contrat natif MB;CA-TS;Composant utilisť;
Accessibilitť ERI Audits;Microservices;CA-TS;Composant utilisť;
Accessibilitť ERI Audits;BAM;CA-TS;Composant utilisť;
Accessibilitť ERI Audits;NPC;CA-TS;Composant utilisť;
Accessibilitť ERI Audits;SIG9;CA-TS;Composant utilisť;
Accessibilitť ERI Audits;RAC;CA-TS;Composant utilisť;
Accessibilitť ERI Audits;PDI9;CA-TS;Composant utilisť;
Accessibilitť ERI Audits;Xconnect;CA-TS;Composant utilisť;
Accessibilitť ERI Audits;BPM;CA-TS;Composant utilisť;
Accessibilitť ERI Audits;SIMM;CA-TS;Composant utilisť;
Accessibilitť ERI Audits;HUB;CA-TS;Composant utilisť;
Accessibilitť ERI Audits;APX9;CA-TS;Composant utilisť;
Accessibilitť ERI Audits;W5;Avanet;Composant non exploitť;
Accessibilitť ERI Audits;AEDI;Avanet;Composant non exploitť;
Accessibilitť ERI Audits;SVOD;Avanet;Composant non exploitť;
Accessibilitť ERI Audits;PW;Avanet;Composant non exploitť;
Accessibilitť ERI Audits;VS;SimulAssur;Composant non exploitť;
Accessibilitť ERI Audits;SR;SimulAssur;Composant non exploitť;
Accessibilitť ERI Audits;EP;SimulAssur;Composant non exploitť;
Accessibilitť ERI Audits;J2;Plateforme Data (PFD);Composant non exploitť;
Accessibilitť ERI Audits;J6;Plateforme Data (PFD);Composant non exploitť;
Accessibilitť ERI Audits;J8;Plateforme Data (PFD);Composant non exploitť;
Accessibilitť ERI Audits;MesComptes;LCL;Composant non exploitť;
Accessibilitť ERI Audits;BEL;LCL;Composant non exploitť;
Accessibilitť ERI Audits;Docapost;LCL;Composant non exploitť;
Accessibilitť ERI Audits;BD;Prediweb 1;Composant non exploitť;
Accessibilitť ERI Audits;SGR;Prediweb 1;Composant non exploitť;
Accessibilitť ERI Audits;PY;Prediweb 2;Composant non exploitť;
Accessibilitť ERI Audits;AJ;AIA V4 (Sinistres);Composant non exploitť;
Accessibilitť ERI Audits;PWC2;ETL;Composant non exploitť;
Accessibilitť ERI Audits;EBX;EBX;Composant non exploitť;
Accessibilitť ERI Audits;VL;REFUC;Composant non exploitť;
Accessibilitť ERI Audits;BX;BDOC;Composant non exploitť;
Accessibilitť ERI Audits;ONDM;Editique;Composant non exploitť;
VR Selfcare;APPE;New NOVA (K8S+AWS);Composant crťť ou modifiť;
VR Selfcare;CJNI;New NOVA (K8S+AWS);Composant crťť ou modifiť;
VR Selfcare;C8;New NOVA (K8S+AWS);Composant crťť ou modifiť;
VR Selfcare;D9;New NOVA (K8S+AWS);Composant non exploitť;
VR Selfcare;F3;New NOVA (K8S+AWS);Composant non exploitť;
VR Selfcare;F4;New NOVA (K8S+AWS);Composant non exploitť;
VR Selfcare;F5;New NOVA (K8S+AWS);Composant non exploitť;
VR Selfcare;F6;New NOVA (K8S+AWS);Composant non exploitť;
VR Selfcare;F7;New NOVA (K8S+AWS);Composant non exploitť;
VR Selfcare;F8;New NOVA (K8S+AWS);Composant non exploitť;
VR Selfcare;G3;New NOVA (K8S+AWS);Composant non exploitť;
VR Selfcare;G4;New NOVA (K8S+AWS);Composant non exploitť;
VR Selfcare;G6;New NOVA (K8S+AWS);Composant non exploitť;
VR Selfcare;GQ;New NOVA (K8S+AWS);Composant non exploitť;
VR Selfcare;H4;New NOVA (K8S+AWS);Composant utilisť;
VR Selfcare;HH;New NOVA (K8S+AWS);Composant utilisť;
VR Selfcare;I5;New NOVA (K8S+AWS);Composant non exploitť;
VR Selfcare;I9;New NOVA (K8S+AWS);Composant non exploitť;
VR Selfcare;K7;New NOVA (K8S+AWS);Composant non exploitť;
VR Selfcare;K9;New NOVA (K8S+AWS);Composant non exploitť;
VR Selfcare;L8;New NOVA (K8S+AWS);Composant non exploitť;
VR Selfcare;L9;New NOVA (K8S+AWS);Composant non exploitť;
VR Selfcare;N6;New NOVA (K8S+AWS);Composant non exploitť;
VR Selfcare;N8;New NOVA (K8S+AWS);Composant non exploitť;
VR Selfcare;P4;New NOVA (K8S+AWS);Composant non exploitť;
VR Selfcare;P5;New NOVA (K8S+AWS);Composant non exploitť;
VR Selfcare;P6;New NOVA (K8S+AWS);Composant non exploitť;
VR Selfcare;P7;New NOVA (K8S+AWS);Composant non exploitť;
VR Selfcare;P8;New NOVA (K8S+AWS);Composant non exploitť;
VR Selfcare;Q1;New NOVA (K8S+AWS);Composant non exploitť;
VR Selfcare;T2;New NOVA (K8S+AWS);Composant non exploitť;
VR Selfcare;T3;New NOVA (K8S+AWS);Composant non exploitť;
VR Selfcare;W1;New NOVA (K8S+AWS);Composant non exploitť;
VR Selfcare;W2;New NOVA (K8S+AWS);Composant non exploitť;
VR Selfcare;W4;New NOVA (K8S+AWS);Composant non exploitť;
VR Selfcare;OX;NOVA;Composant non exploitť;
VR Selfcare;MX;NOVA;Composant non exploitť;
VR Selfcare;SX;NOVA;Composant non exploitť;
VR Selfcare;HX;NOVA;Composant non exploitť;
VR Selfcare;HJ;NOVA;Composant non exploitť;
VR Selfcare;RX;NOVA;Composant non exploitť;
VR Selfcare;WP;NOVA;Composant non exploitť;
VR Selfcare;FM;NOVA;Composant non exploitť;
VR Selfcare;JF;NOVA;Composant non exploitť;
VR Selfcare;GG;NOVA;Composant non exploitť;
VR Selfcare;GH;NOVA;Composant non exploitť;
VR Selfcare;CICS (LCL);MVS Z/OS (Ingenium);Composant utilisť;
VR Selfcare;DB2 (LCL);MVS Z/OS (Ingenium);Composant utilisť;
VR Selfcare;INVI/VC (LCL);MVS Z/OS (Ingenium);Composant utilisť;
VR Selfcare;PE (LCL);MVS Z/OS (Ingenium);Composant utilisť;
VR Selfcare;CICS (CA);MVS Z/OS (Ingenium);Composant utilisť;
VR Selfcare;DB2 (CA);MVS Z/OS (Ingenium);Composant utilisť;
VR Selfcare;INVI/VC (CA);MVS Z/OS (Ingenium);Composant utilisť;
VR Selfcare;PE (CA);MVS Z/OS (Ingenium);Composant utilisť;
VR Selfcare;Dťt. Contrat natif MB;CA-TS;Composant utilisť;
VR Selfcare;Microservices;CA-TS;Composant utilisť;
VR Selfcare;BAM;CA-TS;Composant utilisť;
VR Selfcare;NPC;CA-TS;Composant utilisť;
VR Selfcare;SIG9;CA-TS;Composant utilisť;
VR Selfcare;RAC;CA-TS;Composant utilisť;
VR Selfcare;PDI9;CA-TS;Composant utilisť;
VR Selfcare;Xconnect;CA-TS;Composant utilisť;
VR Selfcare;BPM;CA-TS;Composant utilisť;
VR Selfcare;SIMM;CA-TS;Composant utilisť;
VR Selfcare;HUB;CA-TS;Composant utilisť;
VR Selfcare;APX9;CA-TS;Composant utilisť;
VR Selfcare;W5;Avanet;Composant non exploitť;
VR Selfcare;AEDI;Avanet;Composant non exploitť;
VR Selfcare;SVOD;Avanet;Composant non exploitť;
VR Selfcare;PW;Avanet;Composant non exploitť;
VR Selfcare;VS;SimulAssur;Composant non exploitť;
VR Selfcare;SR;SimulAssur;Composant non exploitť;
VR Selfcare;EP;SimulAssur;Composant non exploitť;
VR Selfcare;J2;Plateforme Data (PFD);Composant non exploitť;
VR Selfcare;J6;Plateforme Data (PFD);Composant non exploitť;
VR Selfcare;J8;Plateforme Data (PFD);Composant non exploitť;
VR Selfcare;MesComptes;LCL;Composant non exploitť;
VR Selfcare;BEL;LCL;Composant non exploitť;
VR Selfcare;Docapost;LCL;Composant non exploitť;
VR Selfcare;BD;Prediweb 1;Composant non exploitť;
VR Selfcare;SGR;Prediweb 1;Composant non exploitť;
VR Selfcare;PY;Prediweb 2;Composant non exploitť;
VR Selfcare;AJ;AIA V4 (Sinistres);Composant non exploitť;
VR Selfcare;PWC2;ETL;Composant non exploitť;
VR Selfcare;EBX;EBX;Composant non exploitť;
VR Selfcare;VL;REFUC;Composant non exploitť;
VR Selfcare;BX;BDOC;Composant non exploitť;
VR Selfcare;ONDM;Editique;Composant non exploitť;
15C ADE Lot 1 : Adhťsion Lemoine;APPE;New NOVA (K8S+AWS);Composant crťť ou modifiť;
15C ADE Lot 1 : Adhťsion Lemoine;CJNI;New NOVA (K8S+AWS);Composant crťť ou modifiť;
15C ADE Lot 1 : Adhťsion Lemoine;C8;New NOVA (K8S+AWS);Composant crťť ou modifiť;
15C ADE Lot 1 : Adhťsion Lemoine;D9;New NOVA (K8S+AWS);Composant crťť ou modifiť;
15C ADE Lot 1 : Adhťsion Lemoine;F3;New NOVA (K8S+AWS);Composant crťť ou modifiť;
15C ADE Lot 1 : Adhťsion Lemoine;F4;New NOVA (K8S+AWS);Composant crťť ou modifiť;
15C ADE Lot 1 : Adhťsion Lemoine;F5;New NOVA (K8S+AWS);Composant non exploitť;
15C ADE Lot 1 : Adhťsion Lemoine;F6;New NOVA (K8S+AWS);Composant non exploitť;
15C ADE Lot 1 : Adhťsion Lemoine;F7;New NOVA (K8S+AWS);Composant non exploitť;
15C ADE Lot 1 : Adhťsion Lemoine;F8;New NOVA (K8S+AWS);Composant non exploitť;
15C ADE Lot 1 : Adhťsion Lemoine;G3;New NOVA (K8S+AWS);Composant non exploitť;
15C ADE Lot 1 : Adhťsion Lemoine;G4;New NOVA (K8S+AWS);Composant non exploitť;
15C ADE Lot 1 : Adhťsion Lemoine;G6;New NOVA (K8S+AWS);Composant non exploitť;
15C ADE Lot 1 : Adhťsion Lemoine;GQ;New NOVA (K8S+AWS);Composant non exploitť;
15C ADE Lot 1 : Adhťsion Lemoine;H4;New NOVA (K8S+AWS);Composant non exploitť;
15C ADE Lot 1 : Adhťsion Lemoine;HH;New NOVA (K8S+AWS);Composant non exploitť;
15C ADE Lot 1 : Adhťsion Lemoine;I5;New NOVA (K8S+AWS);Composant non exploitť;
15C ADE Lot 1 : Adhťsion Lemoine;I9;New NOVA (K8S+AWS);Composant non exploitť;
15C ADE Lot 1 : Adhťsion Lemoine;K7;New NOVA (K8S+AWS);Composant non exploitť;
15C ADE Lot 1 : Adhťsion Lemoine;K9;New NOVA (K8S+AWS);Composant non exploitť;
15C ADE Lot 1 : Adhťsion Lemoine;L8;New NOVA (K8S+AWS);Composant non exploitť;
15C ADE Lot 1 : Adhťsion Lemoine;L9;New NOVA (K8S+AWS);Composant non exploitť;
15C ADE Lot 1 : Adhťsion Lemoine;N6;New NOVA (K8S+AWS);Composant non exploitť;
15C ADE Lot 1 : Adhťsion Lemoine;N8;New NOVA (K8S+AWS);Composant non exploitť;
15C ADE Lot 1 : Adhťsion Lemoine;P4;New NOVA (K8S+AWS);Composant non exploitť;
15C ADE Lot 1 : Adhťsion Lemoine;P5;New NOVA (K8S+AWS);Composant non exploitť;
15C ADE Lot 1 : Adhťsion Lemoine;P6;New NOVA (K8S+AWS);Composant non exploitť;
15C ADE Lot 1 : Adhťsion Lemoine;P7;New NOVA (K8S+AWS);Composant non exploitť;
15C ADE Lot 1 : Adhťsion Lemoine;P8;New NOVA (K8S+AWS);Composant non exploitť;
15C ADE Lot 1 : Adhťsion Lemoine;Q1;New NOVA (K8S+AWS);Composant non exploitť;
15C ADE Lot 1 : Adhťsion Lemoine;T2;New NOVA (K8S+AWS);Composant non exploitť;
15C ADE Lot 1 : Adhťsion Lemoine;T3;New NOVA (K8S+AWS);Composant non exploitť;
15C ADE Lot 1 : Adhťsion Lemoine;W1;New NOVA (K8S+AWS);Composant non exploitť;
15C ADE Lot 1 : Adhťsion Lemoine;W2;New NOVA (K8S+AWS);Composant non exploitť;
15C ADE Lot 1 : Adhťsion Lemoine;W4;New NOVA (K8S+AWS);Composant non exploitť;
15C ADE Lot 1 : Adhťsion Lemoine;OX;NOVA;Composant non exploitť;
15C ADE Lot 1 : Adhťsion Lemoine;MX;NOVA;Composant non exploitť;
15C ADE Lot 1 : Adhťsion Lemoine;SX;NOVA;Composant non exploitť;
15C ADE Lot 1 : Adhťsion Lemoine;HX;NOVA;Composant non exploitť;
15C ADE Lot 1 : Adhťsion Lemoine;HJ;NOVA;Composant non exploitť;
15C ADE Lot 1 : Adhťsion Lemoine;RX;NOVA;Composant non exploitť;
15C ADE Lot 1 : Adhťsion Lemoine;WP;NOVA;Composant non exploitť;
15C ADE Lot 1 : Adhťsion Lemoine;FM;NOVA;Composant non exploitť;
15C ADE Lot 1 : Adhťsion Lemoine;JF;NOVA;Composant non exploitť;
15C ADE Lot 1 : Adhťsion Lemoine;GG;NOVA;Composant non exploitť;
15C ADE Lot 1 : Adhťsion Lemoine;GH;NOVA;Composant non exploitť;
15C ADE Lot 1 : Adhťsion Lemoine;CICS (LCL);MVS Z/OS (Ingenium);Composant utilisť;
15C ADE Lot 1 : Adhťsion Lemoine;DB2 (LCL);MVS Z/OS (Ingenium);Composant utilisť;
15C ADE Lot 1 : Adhťsion Lemoine;INVI/VC (LCL);MVS Z/OS (Ingenium);Composant utilisť;
15C ADE Lot 1 : Adhťsion Lemoine;PE (LCL);MVS Z/OS (Ingenium);Composant utilisť;
15C ADE Lot 1 : Adhťsion Lemoine;CICS (CA);MVS Z/OS (Ingenium);Composant utilisť;
15C ADE Lot 1 : Adhťsion Lemoine;DB2 (CA);MVS Z/OS (Ingenium);Composant utilisť;
15C ADE Lot 1 : Adhťsion Lemoine;INVI/VC (CA);MVS Z/OS (Ingenium);Composant utilisť;
15C ADE Lot 1 : Adhťsion Lemoine;PE (CA);MVS Z/OS (Ingenium);Composant utilisť;
15C ADE Lot 1 : Adhťsion Lemoine;Dťt. Contrat natif MB;CA-TS;Composant utilisť;
15C ADE Lot 1 : Adhťsion Lemoine;Microservices;CA-TS;Composant utilisť;
15C ADE Lot 1 : Adhťsion Lemoine;BAM;CA-TS;Composant utilisť;
15C ADE Lot 1 : Adhťsion Lemoine;NPC;CA-TS;Composant utilisť;
15C ADE Lot 1 : Adhťsion Lemoine;SIG9;CA-TS;Composant utilisť;
15C ADE Lot 1 : Adhťsion Lemoine;RAC;CA-TS;Composant utilisť;
15C ADE Lot 1 : Adhťsion Lemoine;PDI9;CA-TS;Composant utilisť;
15C ADE Lot 1 : Adhťsion Lemoine;Xconnect;CA-TS;Composant utilisť;
15C ADE Lot 1 : Adhťsion Lemoine;BPM;CA-TS;Composant utilisť;
15C ADE Lot 1 : Adhťsion Lemoine;SIMM;CA-TS;Composant utilisť;
15C ADE Lot 1 : Adhťsion Lemoine;HUB;CA-TS;Composant utilisť;
15C ADE Lot 1 : Adhťsion Lemoine;APX9;CA-TS;Composant utilisť;
15C ADE Lot 1 : Adhťsion Lemoine;W5;Avanet;Composant non exploitť;
15C ADE Lot 1 : Adhťsion Lemoine;AEDI;Avanet;Composant non exploitť;
15C ADE Lot 1 : Adhťsion Lemoine;SVOD;Avanet;Composant non exploitť;
15C ADE Lot 1 : Adhťsion Lemoine;PW;Avanet;Composant non exploitť;
15C ADE Lot 1 : Adhťsion Lemoine;VS;SimulAssur;Composant non exploitť;
15C ADE Lot 1 : Adhťsion Lemoine;SR;SimulAssur;Composant non exploitť;
15C ADE Lot 1 : Adhťsion Lemoine;EP;SimulAssur;Composant non exploitť;
15C ADE Lot 1 : Adhťsion Lemoine;J2;Plateforme Data (PFD);Composant non exploitť;
15C ADE Lot 1 : Adhťsion Lemoine;J6;Plateforme Data (PFD);Composant non exploitť;
15C ADE Lot 1 : Adhťsion Lemoine;J8;Plateforme Data (PFD);Composant non exploitť;
15C ADE Lot 1 : Adhťsion Lemoine;MesComptes;LCL;Composant non exploitť;
15C ADE Lot 1 : Adhťsion Lemoine;BEL;LCL;Composant non exploitť;
15C ADE Lot 1 : Adhťsion Lemoine;Docapost;LCL;Composant non exploitť;
15C ADE Lot 1 : Adhťsion Lemoine;BD;Prediweb 1;Composant non exploitť;
15C ADE Lot 1 : Adhťsion Lemoine;SGR;Prediweb 1;Composant non exploitť;
15C ADE Lot 1 : Adhťsion Lemoine;PY;Prediweb 2;Composant non exploitť;
15C ADE Lot 1 : Adhťsion Lemoine;AJ;AIA V4 (Sinistres);Composant non exploitť;
15C ADE Lot 1 : Adhťsion Lemoine;PWC2;ETL;Composant non exploitť;
15C ADE Lot 1 : Adhťsion Lemoine;EBX;EBX;Composant non exploitť;
15C ADE Lot 1 : Adhťsion Lemoine;VL;REFUC;Composant non exploitť;
15C ADE Lot 1 : Adhťsion Lemoine;BX;BDOC;Composant non exploitť;
15C ADE Lot 1 : Adhťsion Lemoine;ONDM;Editique;Composant non exploitť;
Parcours GOBS conseiller;APPE;New NOVA (K8S+AWS);Composant non exploitť;
Parcours GOBS conseiller;CJNI;New NOVA (K8S+AWS);Composant non exploitť;
Parcours GOBS conseiller;C8;New NOVA (K8S+AWS);Composant non exploitť;
Parcours GOBS conseiller;D9;New NOVA (K8S+AWS);Composant non exploitť;
Parcours GOBS conseiller;F3;New NOVA (K8S+AWS);Composant non exploitť;
Parcours GOBS conseiller;F4;New NOVA (K8S+AWS);Composant non exploitť;
Parcours GOBS conseiller;F5;New NOVA (K8S+AWS);Composant non exploitť;
Parcours GOBS conseiller;F6;New NOVA (K8S+AWS);Composant non exploitť;
Parcours GOBS conseiller;F7;New NOVA (K8S+AWS);Composant non exploitť;
Parcours GOBS conseiller;F8;New NOVA (K8S+AWS);Composant non exploitť;
Parcours GOBS conseiller;G3;New NOVA (K8S+AWS);Composant non exploitť;
Parcours GOBS conseiller;G4;New NOVA (K8S+AWS);Composant non exploitť;
Parcours GOBS conseiller;G6;New NOVA (K8S+AWS);Composant non exploitť;
Parcours GOBS conseiller;GQ;New NOVA (K8S+AWS);Composant non exploitť;
Parcours GOBS conseiller;H4;New NOVA (K8S+AWS);Composant non exploitť;
Parcours GOBS conseiller;HH;New NOVA (K8S+AWS);Composant non exploitť;
Parcours GOBS conseiller;I5;New NOVA (K8S+AWS);Composant non exploitť;
Parcours GOBS conseiller;I9;New NOVA (K8S+AWS);Composant non exploitť;
Parcours GOBS conseiller;K7;New NOVA (K8S+AWS);Composant non exploitť;
Parcours GOBS conseiller;K9;New NOVA (K8S+AWS);Composant non exploitť;
Parcours GOBS conseiller;L8;New NOVA (K8S+AWS);Composant non exploitť;
Parcours GOBS conseiller;L9;New NOVA (K8S+AWS);Composant non exploitť;
Parcours GOBS conseiller;N6;New NOVA (K8S+AWS);Composant non exploitť;
Parcours GOBS conseiller;N8;New NOVA (K8S+AWS);Composant non exploitť;
Parcours GOBS conseiller;P4;New NOVA (K8S+AWS);Composant non exploitť;
Parcours GOBS conseiller;P5;New NOVA (K8S+AWS);Composant non exploitť;
Parcours GOBS conseiller;P6;New NOVA (K8S+AWS);Composant non exploitť;
Parcours GOBS conseiller;P7;New NOVA (K8S+AWS);Composant non exploitť;
Parcours GOBS conseiller;P8;New NOVA (K8S+AWS);Composant non exploitť;
Parcours GOBS conseiller;Q1;New NOVA (K8S+AWS);Composant non exploitť;
Parcours GOBS conseiller;T2;New NOVA (K8S+AWS);Composant non exploitť;
Parcours GOBS conseiller;T3;New NOVA (K8S+AWS);Composant non exploitť;
Parcours GOBS conseiller;W1;New NOVA (K8S+AWS);Composant non exploitť;
Parcours GOBS conseiller;W2;New NOVA (K8S+AWS);Composant non exploitť;
Parcours GOBS conseiller;W4;New NOVA (K8S+AWS);Composant non exploitť;
Parcours GOBS conseiller;OX;NOVA;Composant non exploitť;
Parcours GOBS conseiller;MX;NOVA;Composant non exploitť;
Parcours GOBS conseiller;SX;NOVA;Composant non exploitť;
Parcours GOBS conseiller;HX;NOVA;Composant non exploitť;
Parcours GOBS conseiller;HJ;NOVA;Composant non exploitť;
Parcours GOBS conseiller;RX;NOVA;Composant non exploitť;
Parcours GOBS conseiller;WP;NOVA;Composant non exploitť;
Parcours GOBS conseiller;FM;NOVA;Composant non exploitť;
Parcours GOBS conseiller;JF;NOVA;Composant non exploitť;
Parcours GOBS conseiller;GG;NOVA;Composant non exploitť;
Parcours GOBS conseiller;GH;NOVA;Composant non exploitť;
Parcours GOBS conseiller;CICS (LCL);MVS Z/OS (Ingenium);Composant utilisť;
Parcours GOBS conseiller;DB2 (LCL);MVS Z/OS (Ingenium);Composant utilisť;
Parcours GOBS conseiller;INVI/VC (LCL);MVS Z/OS (Ingenium);Composant utilisť;
Parcours GOBS conseiller;PE (LCL);MVS Z/OS (Ingenium);Composant utilisť;
Parcours GOBS conseiller;CICS (CA);MVS Z/OS (Ingenium);Composant utilisť;
Parcours GOBS conseiller;DB2 (CA);MVS Z/OS (Ingenium);Composant utilisť;
Parcours GOBS conseiller;INVI/VC (CA);MVS Z/OS (Ingenium);Composant utilisť;
Parcours GOBS conseiller;PE (CA);MVS Z/OS (Ingenium);Composant utilisť;
Parcours GOBS conseiller;Dťt. Contrat natif MB;CA-TS;Composant utilisť;
Parcours GOBS conseiller;Microservices;CA-TS;Composant utilisť;
Parcours GOBS conseiller;BAM;CA-TS;Composant utilisť;
Parcours GOBS conseiller;NPC;CA-TS;Composant utilisť;
Parcours GOBS conseiller;SIG9;CA-TS;Composant utilisť;
Parcours GOBS conseiller;RAC;CA-TS;Composant utilisť;
Parcours GOBS conseiller;PDI9;CA-TS;Composant utilisť;
Parcours GOBS conseiller;Xconnect;CA-TS;Composant utilisť;
Parcours GOBS conseiller;BPM;CA-TS;Composant utilisť;
Parcours GOBS conseiller;SIMM;CA-TS;Composant utilisť;
Parcours GOBS conseiller;HUB;CA-TS;Composant utilisť;
Parcours GOBS conseiller;APX9;CA-TS;Composant utilisť;
Parcours GOBS conseiller;W5;Avanet;Composant non exploitť;
Parcours GOBS conseiller;AEDI;Avanet;Composant non exploitť;
Parcours GOBS conseiller;SVOD;Avanet;Composant non exploitť;
Parcours GOBS conseiller;PW;Avanet;Composant non exploitť;
Parcours GOBS conseiller;VS;SimulAssur;Composant non exploitť;
Parcours GOBS conseiller;SR;SimulAssur;Composant non exploitť;
Parcours GOBS conseiller;EP;SimulAssur;Composant non exploitť;
Parcours GOBS conseiller;J2;Plateforme Data (PFD);Composant non exploitť;
Parcours GOBS conseiller;J6;Plateforme Data (PFD);Composant non exploitť;
Parcours GOBS conseiller;J8;Plateforme Data (PFD);Composant non exploitť;
Parcours GOBS conseiller;MesComptes;LCL;Composant non exploitť;
Parcours GOBS conseiller;BEL;LCL;Composant non exploitť;
Parcours GOBS conseiller;Docapost;LCL;Composant non exploitť;
Parcours GOBS conseiller;BD;Prediweb 1;Composant non exploitť;
Parcours GOBS conseiller;SGR;Prediweb 1;Composant non exploitť;
Parcours GOBS conseiller;PY;Prediweb 2;Composant non exploitť;
Parcours GOBS conseiller;AJ;AIA V4 (Sinistres);Composant non exploitť;
Parcours GOBS conseiller;PWC2;ETL;Composant non exploitť;
Parcours GOBS conseiller;EBX;EBX;Composant non exploitť;
Parcours GOBS conseiller;VL;REFUC;Composant non exploitť;
Parcours GOBS conseiller;BX;BDOC;Composant non exploitť;
Parcours GOBS conseiller;ONDM;Editique;Composant non exploitť;
Arbitrage - EGC;APPE;New NOVA (K8S+AWS);Composant non exploitť;
Arbitrage - EGC;CJNI;New NOVA (K8S+AWS);Composant non exploitť;
Arbitrage - EGC;C8;New NOVA (K8S+AWS);Composant non exploitť;
Arbitrage - EGC;D9;New NOVA (K8S+AWS);Composant non exploitť;
Arbitrage - EGC;F3;New NOVA (K8S+AWS);Composant non exploitť;
Arbitrage - EGC;F4;New NOVA (K8S+AWS);Composant non exploitť;
Arbitrage - EGC;F5;New NOVA (K8S+AWS);Composant non exploitť;
Arbitrage - EGC;F6;New NOVA (K8S+AWS);Composant non exploitť;
Arbitrage - EGC;F7;New NOVA (K8S+AWS);Composant non exploitť;
Arbitrage - EGC;F8;New NOVA (K8S+AWS);Composant non exploitť;
Arbitrage - EGC;G3;New NOVA (K8S+AWS);Composant non exploitť;
Arbitrage - EGC;G4;New NOVA (K8S+AWS);Composant non exploitť;
Arbitrage - EGC;G6;New NOVA (K8S+AWS);Composant non exploitť;
Arbitrage - EGC;GQ;New NOVA (K8S+AWS);Composant non exploitť;
Arbitrage - EGC;H4;New NOVA (K8S+AWS);Composant non exploitť;
Arbitrage - EGC;HH;New NOVA (K8S+AWS);Composant non exploitť;
Arbitrage - EGC;I5;New NOVA (K8S+AWS);Composant non exploitť;
Arbitrage - EGC;I9;New NOVA (K8S+AWS);Composant non exploitť;
Arbitrage - EGC;K7;New NOVA (K8S+AWS);Composant non exploitť;
Arbitrage - EGC;K9;New NOVA (K8S+AWS);Composant non exploitť;
Arbitrage - EGC;L8;New NOVA (K8S+AWS);Composant non exploitť;
Arbitrage - EGC;L9;New NOVA (K8S+AWS);Composant non exploitť;
Arbitrage - EGC;N6;New NOVA (K8S+AWS);Composant non exploitť;
Arbitrage - EGC;N8;New NOVA (K8S+AWS);Composant non exploitť;
Arbitrage - EGC;P4;New NOVA (K8S+AWS);Composant non exploitť;
Arbitrage - EGC;P5;New NOVA (K8S+AWS);Composant non exploitť;
Arbitrage - EGC;P6;New NOVA (K8S+AWS);Composant non exploitť;
Arbitrage - EGC;P7;New NOVA (K8S+AWS);Composant non exploitť;
Arbitrage - EGC;P8;New NOVA (K8S+AWS);Composant non exploitť;
Arbitrage - EGC;Q1;New NOVA (K8S+AWS);Composant non exploitť;
Arbitrage - EGC;T2;New NOVA (K8S+AWS);Composant non exploitť;
Arbitrage - EGC;T3;New NOVA (K8S+AWS);Composant non exploitť;
Arbitrage - EGC;W1;New NOVA (K8S+AWS);Composant non exploitť;
Arbitrage - EGC;W2;New NOVA (K8S+AWS);Composant non exploitť;
Arbitrage - EGC;W4;New NOVA (K8S+AWS);Composant non exploitť;
Arbitrage - EGC;OX;NOVA;Composant non exploitť;
Arbitrage - EGC;MX;NOVA;Composant non exploitť;
Arbitrage - EGC;SX;NOVA;Composant non exploitť;
Arbitrage - EGC;HX;NOVA;Composant non exploitť;
Arbitrage - EGC;HJ;NOVA;Composant non exploitť;
Arbitrage - EGC;RX;NOVA;Composant non exploitť;
Arbitrage - EGC;WP;NOVA;Composant non exploitť;
Arbitrage - EGC;FM;NOVA;Composant non exploitť;
Arbitrage - EGC;JF;NOVA;Composant non exploitť;
Arbitrage - EGC;GG;NOVA;Composant non exploitť;
Arbitrage - EGC;GH;NOVA;Composant non exploitť;
Arbitrage - EGC;CICS (LCL);MVS Z/OS (Ingenium);Composant utilisť;
Arbitrage - EGC;DB2 (LCL);MVS Z/OS (Ingenium);Composant utilisť;
Arbitrage - EGC;INVI/VC (LCL);MVS Z/OS (Ingenium);Composant utilisť;
Arbitrage - EGC;PE (LCL);MVS Z/OS (Ingenium);Composant utilisť;
Arbitrage - EGC;CICS (CA);MVS Z/OS (Ingenium);Composant utilisť;
Arbitrage - EGC;DB2 (CA);MVS Z/OS (Ingenium);Composant utilisť;
Arbitrage - EGC;INVI/VC (CA);MVS Z/OS (Ingenium);Composant utilisť;
Arbitrage - EGC;PE (CA);MVS Z/OS (Ingenium);Composant utilisť;
Arbitrage - EGC;Dťt. Contrat natif MB;CA-TS;Composant utilisť;
Arbitrage - EGC;Microservices;CA-TS;Composant utilisť;
Arbitrage - EGC;BAM;CA-TS;Composant utilisť;
Arbitrage - EGC;NPC;CA-TS;Composant utilisť;
Arbitrage - EGC;SIG9;CA-TS;Composant utilisť;
Arbitrage - EGC;RAC;CA-TS;Composant utilisť;
Arbitrage - EGC;PDI9;CA-TS;Composant utilisť;
Arbitrage - EGC;Xconnect;CA-TS;Composant utilisť;
Arbitrage - EGC;BPM;CA-TS;Composant utilisť;
Arbitrage - EGC;SIMM;CA-TS;Composant utilisť;
Arbitrage - EGC;HUB;CA-TS;Composant utilisť;
Arbitrage - EGC;APX9;CA-TS;Composant utilisť;
Arbitrage - EGC;W5;Avanet;Composant non exploitť;
Arbitrage - EGC;AEDI;Avanet;Composant non exploitť;
Arbitrage - EGC;SVOD;Avanet;Composant non exploitť;
Arbitrage - EGC;PW;Avanet;Composant non exploitť;
Arbitrage - EGC;VS;SimulAssur;Composant non exploitť;
Arbitrage - EGC;SR;SimulAssur;Composant non exploitť;
Arbitrage - EGC;EP;SimulAssur;Composant non exploitť;
Arbitrage - EGC;J2;Plateforme Data (PFD);Composant non exploitť;
Arbitrage - EGC;J6;Plateforme Data (PFD);Composant non exploitť;
Arbitrage - EGC;J8;Plateforme Data (PFD);Composant non exploitť;
Arbitrage - EGC;MesComptes;LCL;Composant non exploitť;
Arbitrage - EGC;BEL;LCL;Composant non exploitť;
Arbitrage - EGC;Docapost;LCL;Composant non exploitť;
Arbitrage - EGC;BD;Prediweb 1;Composant non exploitť;
Arbitrage - EGC;SGR;Prediweb 1;Composant non exploitť;
Arbitrage - EGC;PY;Prediweb 2;Composant non exploitť;
Arbitrage - EGC;AJ;AIA V4 (Sinistres);Composant non exploitť;
Arbitrage - EGC;PWC2;ETL;Composant non exploitť;
Arbitrage - EGC;EBX;EBX;Composant non exploitť;
Arbitrage - EGC;VL;REFUC;Composant non exploitť;
Arbitrage - EGC;BX;BDOC;Composant non exploitť;
Arbitrage - EGC;ONDM;Editique;Composant non exploitť;
Arbitrage E gestion conseillťe;APPE;New NOVA (K8S+AWS);Composant non exploitť;
Arbitrage E gestion conseillťe;CJNI;New NOVA (K8S+AWS);Composant non exploitť;
Arbitrage E gestion conseillťe;C8;New NOVA (K8S+AWS);Composant non exploitť;
Arbitrage E gestion conseillťe;D9;New NOVA (K8S+AWS);Composant non exploitť;
Arbitrage E gestion conseillťe;F3;New NOVA (K8S+AWS);Composant non exploitť;
Arbitrage E gestion conseillťe;F4;New NOVA (K8S+AWS);Composant non exploitť;
Arbitrage E gestion conseillťe;F5;New NOVA (K8S+AWS);Composant non exploitť;
Arbitrage E gestion conseillťe;F6;New NOVA (K8S+AWS);Composant non exploitť;
Arbitrage E gestion conseillťe;F7;New NOVA (K8S+AWS);Composant non exploitť;
Arbitrage E gestion conseillťe;F8;New NOVA (K8S+AWS);Composant non exploitť;
Arbitrage E gestion conseillťe;G3;New NOVA (K8S+AWS);Composant non exploitť;
Arbitrage E gestion conseillťe;G4;New NOVA (K8S+AWS);Composant non exploitť;
Arbitrage E gestion conseillťe;G6;New NOVA (K8S+AWS);Composant non exploitť;
Arbitrage E gestion conseillťe;GQ;New NOVA (K8S+AWS);Composant non exploitť;
Arbitrage E gestion conseillťe;H4;New NOVA (K8S+AWS);Composant non exploitť;
Arbitrage E gestion conseillťe;HH;New NOVA (K8S+AWS);Composant non exploitť;
Arbitrage E gestion conseillťe;I5;New NOVA (K8S+AWS);Composant non exploitť;
Arbitrage E gestion conseillťe;I9;New NOVA (K8S+AWS);Composant non exploitť;
Arbitrage E gestion conseillťe;K7;New NOVA (K8S+AWS);Composant non exploitť;
Arbitrage E gestion conseillťe;K9;New NOVA (K8S+AWS);Composant non exploitť;
Arbitrage E gestion conseillťe;L8;New NOVA (K8S+AWS);Composant non exploitť;
Arbitrage E gestion conseillťe;L9;New NOVA (K8S+AWS);Composant non exploitť;
Arbitrage E gestion conseillťe;N6;New NOVA (K8S+AWS);Composant non exploitť;
Arbitrage E gestion conseillťe;N8;New NOVA (K8S+AWS);Composant non exploitť;
Arbitrage E gestion conseillťe;P4;New NOVA (K8S+AWS);Composant non exploitť;
Arbitrage E gestion conseillťe;P5;New NOVA (K8S+AWS);Composant non exploitť;
Arbitrage E gestion conseillťe;P6;New NOVA (K8S+AWS);Composant non exploitť;
Arbitrage E gestion conseillťe;P7;New NOVA (K8S+AWS);Composant non exploitť;
Arbitrage E gestion conseillťe;P8;New NOVA (K8S+AWS);Composant non exploitť;
Arbitrage E gestion conseillťe;Q1;New NOVA (K8S+AWS);Composant non exploitť;
Arbitrage E gestion conseillťe;T2;New NOVA (K8S+AWS);Composant non exploitť;
Arbitrage E gestion conseillťe;T3;New NOVA (K8S+AWS);Composant non exploitť;
Arbitrage E gestion conseillťe;W1;New NOVA (K8S+AWS);Composant non exploitť;
Arbitrage E gestion conseillťe;W2;New NOVA (K8S+AWS);Composant non exploitť;
Arbitrage E gestion conseillťe;W4;New NOVA (K8S+AWS);Composant non exploitť;
Arbitrage E gestion conseillťe;OX;NOVA;Composant non exploitť;
Arbitrage E gestion conseillťe;MX;NOVA;Composant non exploitť;
Arbitrage E gestion conseillťe;SX;NOVA;Composant non exploitť;
Arbitrage E gestion conseillťe;HX;NOVA;Composant non exploitť;
Arbitrage E gestion conseillťe;HJ;NOVA;Composant non exploitť;
Arbitrage E gestion conseillťe;RX;NOVA;Composant non exploitť;
Arbitrage E gestion conseillťe;WP;NOVA;Composant non exploitť;
Arbitrage E gestion conseillťe;FM;NOVA;Composant non exploitť;
Arbitrage E gestion conseillťe;JF;NOVA;Composant non exploitť;
Arbitrage E gestion conseillťe;GG;NOVA;Composant non exploitť;
Arbitrage E gestion conseillťe;GH;NOVA;Composant non exploitť;
Arbitrage E gestion conseillťe;CICS (LCL);MVS Z/OS (Ingenium);Composant utilisť;
Arbitrage E gestion conseillťe;DB2 (LCL);MVS Z/OS (Ingenium);Composant utilisť;
Arbitrage E gestion conseillťe;INVI/VC (LCL);MVS Z/OS (Ingenium);Composant utilisť;
Arbitrage E gestion conseillťe;PE (LCL);MVS Z/OS (Ingenium);Composant utilisť;
Arbitrage E gestion conseillťe;CICS (CA);MVS Z/OS (Ingenium);Composant utilisť;
Arbitrage E gestion conseillťe;DB2 (CA);MVS Z/OS (Ingenium);Composant utilisť;
Arbitrage E gestion conseillťe;INVI/VC (CA);MVS Z/OS (Ingenium);Composant utilisť;
Arbitrage E gestion conseillťe;PE (CA);MVS Z/OS (Ingenium);Composant utilisť;
Arbitrage E gestion conseillťe;Dťt. Contrat natif MB;CA-TS;Composant utilisť;
Arbitrage E gestion conseillťe;Microservices;CA-TS;Composant utilisť;
Arbitrage E gestion conseillťe;BAM;CA-TS;Composant utilisť;
Arbitrage E gestion conseillťe;NPC;CA-TS;Composant utilisť;
Arbitrage E gestion conseillťe;SIG9;CA-TS;Composant utilisť;
Arbitrage E gestion conseillťe;RAC;CA-TS;Composant utilisť;
Arbitrage E gestion conseillťe;PDI9;CA-TS;Composant utilisť;
Arbitrage E gestion conseillťe;Xconnect;CA-TS;Composant utilisť;
Arbitrage E gestion conseillťe;BPM;CA-TS;Composant utilisť;
Arbitrage E gestion conseillťe;SIMM;CA-TS;Composant utilisť;
Arbitrage E gestion conseillťe;HUB;CA-TS;Composant utilisť;
Arbitrage E gestion conseillťe;APX9;CA-TS;Composant utilisť;
Arbitrage E gestion conseillťe;W5;Avanet;Composant non exploitť;
Arbitrage E gestion conseillťe;AEDI;Avanet;Composant non exploitť;
Arbitrage E gestion conseillťe;SVOD;Avanet;Composant non exploitť;
Arbitrage E gestion conseillťe;PW;Avanet;Composant non exploitť;
Arbitrage E gestion conseillťe;VS;SimulAssur;Composant non exploitť;
Arbitrage E gestion conseillťe;SR;SimulAssur;Composant non exploitť;
Arbitrage E gestion conseillťe;EP;SimulAssur;Composant non exploitť;
Arbitrage E gestion conseillťe;J2;Plateforme Data (PFD);Composant non exploitť;
Arbitrage E gestion conseillťe;J6;Plateforme Data (PFD);Composant non exploitť;
Arbitrage E gestion conseillťe;J8;Plateforme Data (PFD);Composant non exploitť;
Arbitrage E gestion conseillťe;MesComptes;LCL;Composant non exploitť;
Arbitrage E gestion conseillťe;BEL;LCL;Composant non exploitť;
Arbitrage E gestion conseillťe;Docapost;LCL;Composant non exploitť;
Arbitrage E gestion conseillťe;BD;Prediweb 1;Composant non exploitť;
Arbitrage E gestion conseillťe;SGR;Prediweb 1;Composant non exploitť;
Arbitrage E gestion conseillťe;PY;Prediweb 2;Composant non exploitť;
Arbitrage E gestion conseillťe;AJ;AIA V4 (Sinistres);Composant non exploitť;
Arbitrage E gestion conseillťe;PWC2;ETL;Composant non exploitť;
Arbitrage E gestion conseillťe;EBX;EBX;Composant non exploitť;
Arbitrage E gestion conseillťe;VL;REFUC;Composant non exploitť;
Arbitrage E gestion conseillťe;BX;BDOC;Composant non exploitť;
Arbitrage E gestion conseillťe;ONDM;Editique;Composant non exploitť;
Ouverture VLC PER;APPE;New NOVA (K8S+AWS);Composant non exploitť;
Ouverture VLC PER;CJNI;New NOVA (K8S+AWS);Composant non exploitť;
Ouverture VLC PER;C8;New NOVA (K8S+AWS);Composant non exploitť;
Ouverture VLC PER;D9;New NOVA (K8S+AWS);Composant non exploitť;
Ouverture VLC PER;F3;New NOVA (K8S+AWS);Composant non exploitť;
Ouverture VLC PER;F4;New NOVA (K8S+AWS);Composant non exploitť;
Ouverture VLC PER;F5;New NOVA (K8S+AWS);Composant non exploitť;
Ouverture VLC PER;F6;New NOVA (K8S+AWS);Composant non exploitť;
Ouverture VLC PER;F7;New NOVA (K8S+AWS);Composant non exploitť;
Ouverture VLC PER;F8;New NOVA (K8S+AWS);Composant non exploitť;
Ouverture VLC PER;G3;New NOVA (K8S+AWS);Composant non exploitť;
Ouverture VLC PER;G4;New NOVA (K8S+AWS);Composant non exploitť;
Ouverture VLC PER;G6;New NOVA (K8S+AWS);Composant non exploitť;
Ouverture VLC PER;GQ;New NOVA (K8S+AWS);Composant non exploitť;
Ouverture VLC PER;H4;New NOVA (K8S+AWS);Composant non exploitť;
Ouverture VLC PER;HH;New NOVA (K8S+AWS);Composant non exploitť;
Ouverture VLC PER;I5;New NOVA (K8S+AWS);Composant non exploitť;
Ouverture VLC PER;I9;New NOVA (K8S+AWS);Composant non exploitť;
Ouverture VLC PER;K7;New NOVA (K8S+AWS);Composant non exploitť;
Ouverture VLC PER;K9;New NOVA (K8S+AWS);Composant non exploitť;
Ouverture VLC PER;L8;New NOVA (K8S+AWS);Composant non exploitť;
Ouverture VLC PER;L9;New NOVA (K8S+AWS);Composant non exploitť;
Ouverture VLC PER;N6;New NOVA (K8S+AWS);Composant non exploitť;
Ouverture VLC PER;N8;New NOVA (K8S+AWS);Composant non exploitť;
Ouverture VLC PER;P4;New NOVA (K8S+AWS);Composant non exploitť;
Ouverture VLC PER;P5;New NOVA (K8S+AWS);Composant non exploitť;
Ouverture VLC PER;P6;New NOVA (K8S+AWS);Composant non exploitť;
Ouverture VLC PER;P7;New NOVA (K8S+AWS);Composant non exploitť;
Ouverture VLC PER;P8;New NOVA (K8S+AWS);Composant non exploitť;
Ouverture VLC PER;Q1;New NOVA (K8S+AWS);Composant non exploitť;
Ouverture VLC PER;T2;New NOVA (K8S+AWS);Composant non exploitť;
Ouverture VLC PER;T3;New NOVA (K8S+AWS);Composant non exploitť;
Ouverture VLC PER;W1;New NOVA (K8S+AWS);Composant non exploitť;
Ouverture VLC PER;W2;New NOVA (K8S+AWS);Composant non exploitť;
Ouverture VLC PER;W4;New NOVA (K8S+AWS);Composant non exploitť;
Ouverture VLC PER;OX;NOVA;Composant non exploitť;
Ouverture VLC PER;MX;NOVA;Composant non exploitť;
Ouverture VLC PER;SX;NOVA;Composant non exploitť;
Ouverture VLC PER;HX;NOVA;Composant non exploitť;
Ouverture VLC PER;HJ;NOVA;Composant non exploitť;
Ouverture VLC PER;RX;NOVA;Composant non exploitť;
Ouverture VLC PER;WP;NOVA;Composant non exploitť;
Ouverture VLC PER;FM;NOVA;Composant non exploitť;
Ouverture VLC PER;JF;NOVA;Composant non exploitť;
Ouverture VLC PER;GG;NOVA;Composant non exploitť;
Ouverture VLC PER;GH;NOVA;Composant non exploitť;
Ouverture VLC PER;CICS (LCL);MVS Z/OS (Ingenium);Composant utilisť;
Ouverture VLC PER;DB2 (LCL);MVS Z/OS (Ingenium);Composant utilisť;
Ouverture VLC PER;INVI/VC (LCL);MVS Z/OS (Ingenium);Composant utilisť;
Ouverture VLC PER;PE (LCL);MVS Z/OS (Ingenium);Composant utilisť;
Ouverture VLC PER;CICS (CA);MVS Z/OS (Ingenium);Composant utilisť;
Ouverture VLC PER;DB2 (CA);MVS Z/OS (Ingenium);Composant utilisť;
Ouverture VLC PER;INVI/VC (CA);MVS Z/OS (Ingenium);Composant utilisť;
Ouverture VLC PER;PE (CA);MVS Z/OS (Ingenium);Composant utilisť;
Ouverture VLC PER;Dťt. Contrat natif MB;CA-TS;Composant utilisť;
Ouverture VLC PER;Microservices;CA-TS;Composant utilisť;
Ouverture VLC PER;BAM;CA-TS;Composant utilisť;
Ouverture VLC PER;NPC;CA-TS;Composant utilisť;
Ouverture VLC PER;SIG9;CA-TS;Composant utilisť;
Ouverture VLC PER;RAC;CA-TS;Composant utilisť;
Ouverture VLC PER;PDI9;CA-TS;Composant utilisť;
Ouverture VLC PER;Xconnect;CA-TS;Composant utilisť;
Ouverture VLC PER;BPM;CA-TS;Composant utilisť;
Ouverture VLC PER;SIMM;CA-TS;Composant utilisť;
Ouverture VLC PER;HUB;CA-TS;Composant utilisť;
Ouverture VLC PER;APX9;CA-TS;Composant utilisť;
Ouverture VLC PER;W5;Avanet;Composant non exploitť;
Ouverture VLC PER;AEDI;Avanet;Composant non exploitť;
Ouverture VLC PER;SVOD;Avanet;Composant non exploitť;
Ouverture VLC PER;PW;Avanet;Composant non exploitť;
Ouverture VLC PER;VS;SimulAssur;Composant non exploitť;
Ouverture VLC PER;SR;SimulAssur;Composant non exploitť;
Ouverture VLC PER;EP;SimulAssur;Composant non exploitť;
Ouverture VLC PER;J2;Plateforme Data (PFD);Composant non exploitť;
Ouverture VLC PER;J6;Plateforme Data (PFD);Composant non exploitť;
Ouverture VLC PER;J8;Plateforme Data (PFD);Composant non exploitť;
Ouverture VLC PER;MesComptes;LCL;Composant non exploitť;
Ouverture VLC PER;BEL;LCL;Composant non exploitť;
Ouverture VLC PER;Docapost;LCL;Composant non exploitť;
Ouverture VLC PER;BD;Prediweb 1;Composant non exploitť;
Ouverture VLC PER;SGR;Prediweb 1;Composant non exploitť;
Ouverture VLC PER;PY;Prediweb 2;Composant non exploitť;
Ouverture VLC PER;AJ;AIA V4 (Sinistres);Composant non exploitť;
Ouverture VLC PER;PWC2;ETL;Composant non exploitť;
Ouverture VLC PER;EBX;EBX;Composant non exploitť;
Ouverture VLC PER;VL;REFUC;Composant non exploitť;
Ouverture VLC PER;BX;BDOC;Composant non exploitť;
Ouverture VLC PER;ONDM;Editique;Composant non exploitť;
Ouverture Arbitrage Conseiller PER;APPE;New NOVA (K8S+AWS);Composant non exploitť;
Ouverture Arbitrage Conseiller PER;CJNI;New NOVA (K8S+AWS);Composant non exploitť;
Ouverture Arbitrage Conseiller PER;C8;New NOVA (K8S+AWS);Composant non exploitť;
Ouverture Arbitrage Conseiller PER;D9;New NOVA (K8S+AWS);Composant non exploitť;
Ouverture Arbitrage Conseiller PER;F3;New NOVA (K8S+AWS);Composant non exploitť;
Ouverture Arbitrage Conseiller PER;F4;New NOVA (K8S+AWS);Composant non exploitť;
Ouverture Arbitrage Conseiller PER;F5;New NOVA (K8S+AWS);Composant non exploitť;
Ouverture Arbitrage Conseiller PER;F6;New NOVA (K8S+AWS);Composant non exploitť;
Ouverture Arbitrage Conseiller PER;F7;New NOVA (K8S+AWS);Composant non exploitť;
Ouverture Arbitrage Conseiller PER;F8;New NOVA (K8S+AWS);Composant non exploitť;
Ouverture Arbitrage Conseiller PER;G3;New NOVA (K8S+AWS);Composant non exploitť;
Ouverture Arbitrage Conseiller PER;G4;New NOVA (K8S+AWS);Composant non exploitť;
Ouverture Arbitrage Conseiller PER;G6;New NOVA (K8S+AWS);Composant non exploitť;
Ouverture Arbitrage Conseiller PER;GQ;New NOVA (K8S+AWS);Composant non exploitť;
Ouverture Arbitrage Conseiller PER;H4;New NOVA (K8S+AWS);Composant non exploitť;
Ouverture Arbitrage Conseiller PER;HH;New NOVA (K8S+AWS);Composant non exploitť;
Ouverture Arbitrage Conseiller PER;I5;New NOVA (K8S+AWS);Composant non exploitť;
Ouverture Arbitrage Conseiller PER;I9;New NOVA (K8S+AWS);Composant non exploitť;
Ouverture Arbitrage Conseiller PER;K7;New NOVA (K8S+AWS);Composant non exploitť;
Ouverture Arbitrage Conseiller PER;K9;New NOVA (K8S+AWS);Composant non exploitť;
Ouverture Arbitrage Conseiller PER;L8;New NOVA (K8S+AWS);Composant non exploitť;
Ouverture Arbitrage Conseiller PER;L9;New NOVA (K8S+AWS);Composant non exploitť;
Ouverture Arbitrage Conseiller PER;N6;New NOVA (K8S+AWS);Composant non exploitť;
Ouverture Arbitrage Conseiller PER;N8;New NOVA (K8S+AWS);Composant non exploitť;
Ouverture Arbitrage Conseiller PER;P4;New NOVA (K8S+AWS);Composant non exploitť;
Ouverture Arbitrage Conseiller PER;P5;New NOVA (K8S+AWS);Composant non exploitť;
Ouverture Arbitrage Conseiller PER;P6;New NOVA (K8S+AWS);Composant non exploitť;
Ouverture Arbitrage Conseiller PER;P7;New NOVA (K8S+AWS);Composant non exploitť;
Ouverture Arbitrage Conseiller PER;P8;New NOVA (K8S+AWS);Composant non exploitť;
Ouverture Arbitrage Conseiller PER;Q1;New NOVA (K8S+AWS);Composant non exploitť;
Ouverture Arbitrage Conseiller PER;T2;New NOVA (K8S+AWS);Composant non exploitť;
Ouverture Arbitrage Conseiller PER;T3;New NOVA (K8S+AWS);Composant non exploitť;
Ouverture Arbitrage Conseiller PER;W1;New NOVA (K8S+AWS);Composant non exploitť;
Ouverture Arbitrage Conseiller PER;W2;New NOVA (K8S+AWS);Composant non exploitť;
Ouverture Arbitrage Conseiller PER;W4;New NOVA (K8S+AWS);Composant non exploitť;
Ouverture Arbitrage Conseiller PER;OX;NOVA;Composant non exploitť;
Ouverture Arbitrage Conseiller PER;MX;NOVA;Composant non exploitť;
Ouverture Arbitrage Conseiller PER;SX;NOVA;Composant non exploitť;
Ouverture Arbitrage Conseiller PER;HX;NOVA;Composant non exploitť;
Ouverture Arbitrage Conseiller PER;HJ;NOVA;Composant non exploitť;
Ouverture Arbitrage Conseiller PER;RX;NOVA;Composant non exploitť;
Ouverture Arbitrage Conseiller PER;WP;NOVA;Composant non exploitť;
Ouverture Arbitrage Conseiller PER;FM;NOVA;Composant non exploitť;
Ouverture Arbitrage Conseiller PER;JF;NOVA;Composant non exploitť;
Ouverture Arbitrage Conseiller PER;GG;NOVA;Composant non exploitť;
Ouverture Arbitrage Conseiller PER;GH;NOVA;Composant non exploitť;
Ouverture Arbitrage Conseiller PER;CICS (LCL);MVS Z/OS (Ingenium);Composant utilisť;
Ouverture Arbitrage Conseiller PER;DB2 (LCL);MVS Z/OS (Ingenium);Composant utilisť;
Ouverture Arbitrage Conseiller PER;INVI/VC (LCL);MVS Z/OS (Ingenium);Composant utilisť;
Ouverture Arbitrage Conseiller PER;PE (LCL);MVS Z/OS (Ingenium);Composant utilisť;
Ouverture Arbitrage Conseiller PER;CICS (CA);MVS Z/OS (Ingenium);Composant utilisť;
Ouverture Arbitrage Conseiller PER;DB2 (CA);MVS Z/OS (Ingenium);Composant utilisť;
Ouverture Arbitrage Conseiller PER;INVI/VC (CA);MVS Z/OS (Ingenium);Composant utilisť;
Ouverture Arbitrage Conseiller PER;PE (CA);MVS Z/OS (Ingenium);Composant utilisť;
Ouverture Arbitrage Conseiller PER;Dťt. Contrat natif MB;CA-TS;Composant utilisť;
Ouverture Arbitrage Conseiller PER;Microservices;CA-TS;Composant utilisť;
Ouverture Arbitrage Conseiller PER;BAM;CA-TS;Composant utilisť;
Ouverture Arbitrage Conseiller PER;NPC;CA-TS;Composant utilisť;
Ouverture Arbitrage Conseiller PER;SIG9;CA-TS;Composant utilisť;
Ouverture Arbitrage Conseiller PER;RAC;CA-TS;Composant utilisť;
Ouverture Arbitrage Conseiller PER;PDI9;CA-TS;Composant utilisť;
Ouverture Arbitrage Conseiller PER;Xconnect;CA-TS;Composant utilisť;
Ouverture Arbitrage Conseiller PER;BPM;CA-TS;Composant utilisť;
Ouverture Arbitrage Conseiller PER;SIMM;CA-TS;Composant utilisť;
Ouverture Arbitrage Conseiller PER;HUB;CA-TS;Composant utilisť;
Ouverture Arbitrage Conseiller PER;APX9;CA-TS;Composant utilisť;
Ouverture Arbitrage Conseiller PER;W5;Avanet;Composant non exploitť;
Ouverture Arbitrage Conseiller PER;AEDI;Avanet;Composant non exploitť;
Ouverture Arbitrage Conseiller PER;SVOD;Avanet;Composant non exploitť;
Ouverture Arbitrage Conseiller PER;PW;Avanet;Composant non exploitť;
Ouverture Arbitrage Conseiller PER;VS;SimulAssur;Composant non exploitť;
Ouverture Arbitrage Conseiller PER;SR;SimulAssur;Composant non exploitť;
Ouverture Arbitrage Conseiller PER;EP;SimulAssur;Composant non exploitť;
Ouverture Arbitrage Conseiller PER;J2;Plateforme Data (PFD);Composant non exploitť;
Ouverture Arbitrage Conseiller PER;J6;Plateforme Data (PFD);Composant non exploitť;
Ouverture Arbitrage Conseiller PER;J8;Plateforme Data (PFD);Composant non exploitť;
Ouverture Arbitrage Conseiller PER;MesComptes;LCL;Composant non exploitť;
Ouverture Arbitrage Conseiller PER;BEL;LCL;Composant non exploitť;
Ouverture Arbitrage Conseiller PER;Docapost;LCL;Composant non exploitť;
Ouverture Arbitrage Conseiller PER;BD;Prediweb 1;Composant non exploitť;
Ouverture Arbitrage Conseiller PER;SGR;Prediweb 1;Composant non exploitť;
Ouverture Arbitrage Conseiller PER;PY;Prediweb 2;Composant non exploitť;
Ouverture Arbitrage Conseiller PER;AJ;AIA V4 (Sinistres);Composant non exploitť;
Ouverture Arbitrage Conseiller PER;PWC2;ETL;Composant non exploitť;
Ouverture Arbitrage Conseiller PER;EBX;EBX;Composant non exploitť;
Ouverture Arbitrage Conseiller PER;VL;REFUC;Composant non exploitť;
Ouverture Arbitrage Conseiller PER;BX;BDOC;Composant non exploitť;
Ouverture Arbitrage Conseiller PER;ONDM;Editique;Composant non exploitť;
REFONTE ADHESION CONSEILLER;APPE;New NOVA (K8S+AWS);Composant non exploitť;
REFONTE ADHESION CONSEILLER;CJNI;New NOVA (K8S+AWS);Composant non exploitť;
REFONTE ADHESION CONSEILLER;C8;New NOVA (K8S+AWS);Composant non exploitť;
REFONTE ADHESION CONSEILLER;D9;New NOVA (K8S+AWS);Composant non exploitť;
REFONTE ADHESION CONSEILLER;F3;New NOVA (K8S+AWS);Composant non exploitť;
REFONTE ADHESION CONSEILLER;F4;New NOVA (K8S+AWS);Composant non exploitť;
REFONTE ADHESION CONSEILLER;F5;New NOVA (K8S+AWS);Composant non exploitť;
REFONTE ADHESION CONSEILLER;F6;New NOVA (K8S+AWS);Composant non exploitť;
REFONTE ADHESION CONSEILLER;F7;New NOVA (K8S+AWS);Composant non exploitť;
REFONTE ADHESION CONSEILLER;F8;New NOVA (K8S+AWS);Composant non exploitť;
REFONTE ADHESION CONSEILLER;G3;New NOVA (K8S+AWS);Composant non exploitť;
REFONTE ADHESION CONSEILLER;G4;New NOVA (K8S+AWS);Composant non exploitť;
REFONTE ADHESION CONSEILLER;G6;New NOVA (K8S+AWS);Composant non exploitť;
REFONTE ADHESION CONSEILLER;GQ;New NOVA (K8S+AWS);Composant non exploitť;
REFONTE ADHESION CONSEILLER;H4;New NOVA (K8S+AWS);Composant non exploitť;
REFONTE ADHESION CONSEILLER;HH;New NOVA (K8S+AWS);Composant non exploitť;
REFONTE ADHESION CONSEILLER;I5;New NOVA (K8S+AWS);Composant non exploitť;
REFONTE ADHESION CONSEILLER;I9;New NOVA (K8S+AWS);Composant non exploitť;
REFONTE ADHESION CONSEILLER;K7;New NOVA (K8S+AWS);Composant non exploitť;
REFONTE ADHESION CONSEILLER;K9;New NOVA (K8S+AWS);Composant non exploitť;
REFONTE ADHESION CONSEILLER;L8;New NOVA (K8S+AWS);Composant non exploitť;
REFONTE ADHESION CONSEILLER;L9;New NOVA (K8S+AWS);Composant non exploitť;
REFONTE ADHESION CONSEILLER;N6;New NOVA (K8S+AWS);Composant non exploitť;
REFONTE ADHESION CONSEILLER;N8;New NOVA (K8S+AWS);Composant non exploitť;
REFONTE ADHESION CONSEILLER;P4;New NOVA (K8S+AWS);Composant non exploitť;
REFONTE ADHESION CONSEILLER;P5;New NOVA (K8S+AWS);Composant non exploitť;
REFONTE ADHESION CONSEILLER;P6;New NOVA (K8S+AWS);Composant non exploitť;
REFONTE ADHESION CONSEILLER;P7;New NOVA (K8S+AWS);Composant non exploitť;
REFONTE ADHESION CONSEILLER;P8;New NOVA (K8S+AWS);Composant non exploitť;
REFONTE ADHESION CONSEILLER;Q1;New NOVA (K8S+AWS);Composant non exploitť;
REFONTE ADHESION CONSEILLER;T2;New NOVA (K8S+AWS);Composant non exploitť;
REFONTE ADHESION CONSEILLER;T3;New NOVA (K8S+AWS);Composant non exploitť;
REFONTE ADHESION CONSEILLER;W1;New NOVA (K8S+AWS);Composant non exploitť;
REFONTE ADHESION CONSEILLER;W2;New NOVA (K8S+AWS);Composant non exploitť;
REFONTE ADHESION CONSEILLER;W4;New NOVA (K8S+AWS);Composant non exploitť;
REFONTE ADHESION CONSEILLER;OX;NOVA;Composant non exploitť;
REFONTE ADHESION CONSEILLER;MX;NOVA;Composant non exploitť;
REFONTE ADHESION CONSEILLER;SX;NOVA;Composant non exploitť;
REFONTE ADHESION CONSEILLER;HX;NOVA;Composant non exploitť;
REFONTE ADHESION CONSEILLER;HJ;NOVA;Composant non exploitť;
REFONTE ADHESION CONSEILLER;RX;NOVA;Composant non exploitť;
REFONTE ADHESION CONSEILLER;WP;NOVA;Composant non exploitť;
REFONTE ADHESION CONSEILLER;FM;NOVA;Composant non exploitť;
REFONTE ADHESION CONSEILLER;JF;NOVA;Composant non exploitť;
REFONTE ADHESION CONSEILLER;GG;NOVA;Composant non exploitť;
REFONTE ADHESION CONSEILLER;GH;NOVA;Composant non exploitť;
REFONTE ADHESION CONSEILLER;CICS (LCL);MVS Z/OS (Ingenium);Composant utilisť;
REFONTE ADHESION CONSEILLER;DB2 (LCL);MVS Z/OS (Ingenium);Composant utilisť;
REFONTE ADHESION CONSEILLER;INVI/VC (LCL);MVS Z/OS (Ingenium);Composant utilisť;
REFONTE ADHESION CONSEILLER;PE (LCL);MVS Z/OS (Ingenium);Composant utilisť;
REFONTE ADHESION CONSEILLER;CICS (CA);MVS Z/OS (Ingenium);Composant utilisť;
REFONTE ADHESION CONSEILLER;DB2 (CA);MVS Z/OS (Ingenium);Composant utilisť;
REFONTE ADHESION CONSEILLER;INVI/VC (CA);MVS Z/OS (Ingenium);Composant utilisť;
REFONTE ADHESION CONSEILLER;PE (CA);MVS Z/OS (Ingenium);Composant utilisť;
REFONTE ADHESION CONSEILLER;Dťt. Contrat natif MB;CA-TS;Composant utilisť;
REFONTE ADHESION CONSEILLER;Microservices;CA-TS;Composant utilisť;
REFONTE ADHESION CONSEILLER;BAM;CA-TS;Composant utilisť;
REFONTE ADHESION CONSEILLER;NPC;CA-TS;Composant utilisť;
REFONTE ADHESION CONSEILLER;SIG9;CA-TS;Composant utilisť;
REFONTE ADHESION CONSEILLER;RAC;CA-TS;Composant utilisť;
REFONTE ADHESION CONSEILLER;PDI9;CA-TS;Composant utilisť;
REFONTE ADHESION CONSEILLER;Xconnect;CA-TS;Composant utilisť;
REFONTE ADHESION CONSEILLER;BPM;CA-TS;Composant utilisť;
REFONTE ADHESION CONSEILLER;SIMM;CA-TS;Composant utilisť;
REFONTE ADHESION CONSEILLER;HUB;CA-TS;Composant utilisť;
REFONTE ADHESION CONSEILLER;APX9;CA-TS;Composant utilisť;
REFONTE ADHESION CONSEILLER;W5;Avanet;Composant non exploitť;
REFONTE ADHESION CONSEILLER;AEDI;Avanet;Composant non exploitť;
REFONTE ADHESION CONSEILLER;SVOD;Avanet;Composant non exploitť;
REFONTE ADHESION CONSEILLER;PW;Avanet;Composant non exploitť;
REFONTE ADHESION CONSEILLER;VS;SimulAssur;Composant non exploitť;
REFONTE ADHESION CONSEILLER;SR;SimulAssur;Composant non exploitť;
REFONTE ADHESION CONSEILLER;EP;SimulAssur;Composant non exploitť;
REFONTE ADHESION CONSEILLER;J2;Plateforme Data (PFD);Composant non exploitť;
REFONTE ADHESION CONSEILLER;J6;Plateforme Data (PFD);Composant non exploitť;
REFONTE ADHESION CONSEILLER;J8;Plateforme Data (PFD);Composant non exploitť;
REFONTE ADHESION CONSEILLER;MesComptes;LCL;Composant non exploitť;
REFONTE ADHESION CONSEILLER;BEL;LCL;Composant non exploitť;
REFONTE ADHESION CONSEILLER;Docapost;LCL;Composant non exploitť;
REFONTE ADHESION CONSEILLER;BD;Prediweb 1;Composant non exploitť;
REFONTE ADHESION CONSEILLER;SGR;Prediweb 1;Composant non exploitť;
REFONTE ADHESION CONSEILLER;PY;Prediweb 2;Composant non exploitť;
REFONTE ADHESION CONSEILLER;AJ;AIA V4 (Sinistres);Composant non exploitť;
REFONTE ADHESION CONSEILLER;PWC2;ETL;Composant non exploitť;
REFONTE ADHESION CONSEILLER;EBX;EBX;Composant non exploitť;
REFONTE ADHESION CONSEILLER;VL;REFUC;Composant non exploitť;
REFONTE ADHESION CONSEILLER;BX;BDOC;Composant non exploitť;
REFONTE ADHESION CONSEILLER;ONDM;Editique;Composant non exploitť;
VLS LCL 26.1;APPE;New NOVA (K8S+AWS);Composant crťť ou modifiť;
VLS LCL 26.1;CJNI;New NOVA (K8S+AWS);Composant crťť ou modifiť;
VLS LCL 26.1;C8;New NOVA (K8S+AWS);Composant crťť ou modifiť;
VLS LCL 26.1;D9;New NOVA (K8S+AWS);Composant crťť ou modifiť;
VLS LCL 26.1;F3;New NOVA (K8S+AWS);Composant crťť ou modifiť;
VLS LCL 26.1;F4;New NOVA (K8S+AWS);Composant crťť ou modifiť;
VLS LCL 26.1;F5;New NOVA (K8S+AWS);Composant non exploitť;
VLS LCL 26.1;F6;New NOVA (K8S+AWS);Composant non exploitť;
VLS LCL 26.1;F7;New NOVA (K8S+AWS);Composant non exploitť;
VLS LCL 26.1;F8;New NOVA (K8S+AWS);Composant non exploitť;
VLS LCL 26.1;G3;New NOVA (K8S+AWS);Composant non exploitť;
VLS LCL 26.1;G4;New NOVA (K8S+AWS);Composant non exploitť;
VLS LCL 26.1;G6;New NOVA (K8S+AWS);Composant non exploitť;
VLS LCL 26.1;GQ;New NOVA (K8S+AWS);Composant non exploitť;
VLS LCL 26.1;H4;New NOVA (K8S+AWS);Composant non exploitť;
VLS LCL 26.1;HH;New NOVA (K8S+AWS);Composant non exploitť;
VLS LCL 26.1;I5;New NOVA (K8S+AWS);Composant non exploitť;
VLS LCL 26.1;I9;New NOVA (K8S+AWS);Composant non exploitť;
VLS LCL 26.1;K7;New NOVA (K8S+AWS);Composant non exploitť;
VLS LCL 26.1;K9;New NOVA (K8S+AWS);Composant non exploitť;
VLS LCL 26.1;L8;New NOVA (K8S+AWS);Composant non exploitť;
VLS LCL 26.1;L9;New NOVA (K8S+AWS);Composant non exploitť;
VLS LCL 26.1;N6;New NOVA (K8S+AWS);Composant non exploitť;
VLS LCL 26.1;N8;New NOVA (K8S+AWS);Composant non exploitť;
VLS LCL 26.1;P4;New NOVA (K8S+AWS);Composant non exploitť;
VLS LCL 26.1;P5;New NOVA (K8S+AWS);Composant non exploitť;
VLS LCL 26.1;P6;New NOVA (K8S+AWS);Composant non exploitť;
VLS LCL 26.1;P7;New NOVA (K8S+AWS);Composant non exploitť;
VLS LCL 26.1;P8;New NOVA (K8S+AWS);Composant non exploitť;
VLS LCL 26.1;Q1;New NOVA (K8S+AWS);Composant non exploitť;
VLS LCL 26.1;T2;New NOVA (K8S+AWS);Composant non exploitť;
VLS LCL 26.1;T3;New NOVA (K8S+AWS);Composant non exploitť;
VLS LCL 26.1;W1;New NOVA (K8S+AWS);Composant non exploitť;
VLS LCL 26.1;W2;New NOVA (K8S+AWS);Composant non exploitť;
VLS LCL 26.1;W4;New NOVA (K8S+AWS);Composant non exploitť;
VLS LCL 26.1;OX;NOVA;Composant non exploitť;
VLS LCL 26.1;MX;NOVA;Composant non exploitť;
VLS LCL 26.1;SX;NOVA;Composant non exploitť;
VLS LCL 26.1;HX;NOVA;Composant non exploitť;
VLS LCL 26.1;HJ;NOVA;Composant non exploitť;
VLS LCL 26.1;RX;NOVA;Composant non exploitť;
VLS LCL 26.1;WP;NOVA;Composant non exploitť;
VLS LCL 26.1;FM;NOVA;Composant non exploitť;
VLS LCL 26.1;JF;NOVA;Composant non exploitť;
VLS LCL 26.1;GG;NOVA;Composant non exploitť;
VLS LCL 26.1;GH;NOVA;Composant non exploitť;
VLS LCL 26.1;CICS (LCL);MVS Z/OS (Ingenium);Composant utilisť;
VLS LCL 26.1;DB2 (LCL);MVS Z/OS (Ingenium);Composant utilisť;
VLS LCL 26.1;INVI/VC (LCL);MVS Z/OS (Ingenium);Composant utilisť;
VLS LCL 26.1;PE (LCL);MVS Z/OS (Ingenium);Composant utilisť;
VLS LCL 26.1;CICS (CA);MVS Z/OS (Ingenium);Composant utilisť;
VLS LCL 26.1;DB2 (CA);MVS Z/OS (Ingenium);Composant utilisť;
VLS LCL 26.1;INVI/VC (CA);MVS Z/OS (Ingenium);Composant utilisť;
VLS LCL 26.1;PE (CA);MVS Z/OS (Ingenium);Composant utilisť;
VLS LCL 26.1;Dťt. Contrat natif MB;CA-TS;Composant utilisť;
VLS LCL 26.1;Microservices;CA-TS;Composant utilisť;
VLS LCL 26.1;BAM;CA-TS;Composant utilisť;
VLS LCL 26.1;NPC;CA-TS;Composant utilisť;
VLS LCL 26.1;SIG9;CA-TS;Composant utilisť;
VLS LCL 26.1;RAC;CA-TS;Composant utilisť;
VLS LCL 26.1;PDI9;CA-TS;Composant utilisť;
VLS LCL 26.1;Xconnect;CA-TS;Composant utilisť;
VLS LCL 26.1;BPM;CA-TS;Composant utilisť;
VLS LCL 26.1;SIMM;CA-TS;Composant utilisť;
VLS LCL 26.1;HUB;CA-TS;Composant utilisť;
VLS LCL 26.1;APX9;CA-TS;Composant utilisť;
VLS LCL 26.1;W5;Avanet;Composant non exploitť;
VLS LCL 26.1;AEDI;Avanet;Composant non exploitť;
VLS LCL 26.1;SVOD;Avanet;Composant non exploitť;
VLS LCL 26.1;PW;Avanet;Composant non exploitť;
VLS LCL 26.1;VS;SimulAssur;Composant non exploitť;
VLS LCL 26.1;SR;SimulAssur;Composant non exploitť;
VLS LCL 26.1;EP;SimulAssur;Composant non exploitť;
VLS LCL 26.1;J2;Plateforme Data (PFD);Composant non exploitť;
VLS LCL 26.1;J6;Plateforme Data (PFD);Composant non exploitť;
VLS LCL 26.1;J8;Plateforme Data (PFD);Composant non exploitť;
VLS LCL 26.1;MesComptes;LCL;Composant non exploitť;
VLS LCL 26.1;BEL;LCL;Composant non exploitť;
VLS LCL 26.1;Docapost;LCL;Composant non exploitť;
VLS LCL 26.1;BD;Prediweb 1;Composant non exploitť;
VLS LCL 26.1;SGR;Prediweb 1;Composant non exploitť;
VLS LCL 26.1;PY;Prediweb 2;Composant non exploitť;
VLS LCL 26.1;AJ;AIA V4 (Sinistres);Composant non exploitť;
VLS LCL 26.1;PWC2;ETL;Composant non exploitť;
VLS LCL 26.1;EBX;EBX;Composant non exploitť;
VLS LCL 26.1;VL;REFUC;Composant non exploitť;
VLS LCL 26.1;BX;BDOC;Composant non exploitť;
VLS LCL 26.1;ONDM;Editique;Composant non exploitť;
VL ARBI-Enrichissement;APPE;New NOVA (K8S+AWS);Composant non exploitť;
VL ARBI-Enrichissement;CJNI;New NOVA (K8S+AWS);Composant non exploitť;
VL ARBI-Enrichissement;C8;New NOVA (K8S+AWS);Composant non exploitť;
VL ARBI-Enrichissement;D9;New NOVA (K8S+AWS);Composant non exploitť;
VL ARBI-Enrichissement;F3;New NOVA (K8S+AWS);Composant non exploitť;
VL ARBI-Enrichissement;F4;New NOVA (K8S+AWS);Composant non exploitť;
VL ARBI-Enrichissement;F5;New NOVA (K8S+AWS);Composant non exploitť;
VL ARBI-Enrichissement;F6;New NOVA (K8S+AWS);Composant non exploitť;
VL ARBI-Enrichissement;F7;New NOVA (K8S+AWS);Composant utilisť;
VL ARBI-Enrichissement;F8;New NOVA (K8S+AWS);Composant non exploitť;
VL ARBI-Enrichissement;G3;New NOVA (K8S+AWS);Composant non exploitť;
VL ARBI-Enrichissement;G4;New NOVA (K8S+AWS);Composant non exploitť;
VL ARBI-Enrichissement;G6;New NOVA (K8S+AWS);Composant non exploitť;
VL ARBI-Enrichissement;GQ;New NOVA (K8S+AWS);Composant non exploitť;
VL ARBI-Enrichissement;H4;New NOVA (K8S+AWS);Composant non exploitť;
VL ARBI-Enrichissement;HH;New NOVA (K8S+AWS);Composant non exploitť;
VL ARBI-Enrichissement;I5;New NOVA (K8S+AWS);Composant non exploitť;
VL ARBI-Enrichissement;I9;New NOVA (K8S+AWS);Composant non exploitť;
VL ARBI-Enrichissement;K7;New NOVA (K8S+AWS);Composant non exploitť;
VL ARBI-Enrichissement;K9;New NOVA (K8S+AWS);Composant non exploitť;
VL ARBI-Enrichissement;L8;New NOVA (K8S+AWS);Composant non exploitť;
VL ARBI-Enrichissement;L9;New NOVA (K8S+AWS);Composant non exploitť;
VL ARBI-Enrichissement;N6;New NOVA (K8S+AWS);Composant non exploitť;
VL ARBI-Enrichissement;N8;New NOVA (K8S+AWS);Composant non exploitť;
VL ARBI-Enrichissement;P4;New NOVA (K8S+AWS);Composant non exploitť;
VL ARBI-Enrichissement;P5;New NOVA (K8S+AWS);Composant non exploitť;
VL ARBI-Enrichissement;P6;New NOVA (K8S+AWS);Composant non exploitť;
VL ARBI-Enrichissement;P7;New NOVA (K8S+AWS);Composant non exploitť;
VL ARBI-Enrichissement;P8;New NOVA (K8S+AWS);Composant non exploitť;
VL ARBI-Enrichissement;Q1;New NOVA (K8S+AWS);Composant non exploitť;
VL ARBI-Enrichissement;T2;New NOVA (K8S+AWS);Composant non exploitť;
VL ARBI-Enrichissement;T3;New NOVA (K8S+AWS);Composant non exploitť;
VL ARBI-Enrichissement;W1;New NOVA (K8S+AWS);Composant non exploitť;
VL ARBI-Enrichissement;W2;New NOVA (K8S+AWS);Composant non exploitť;
VL ARBI-Enrichissement;W4;New NOVA (K8S+AWS);Composant non exploitť;
VL ARBI-Enrichissement;OX;NOVA;Composant non exploitť;
VL ARBI-Enrichissement;MX;NOVA;Composant non exploitť;
VL ARBI-Enrichissement;SX;NOVA;Composant non exploitť;
VL ARBI-Enrichissement;HX;NOVA;Composant non exploitť;
VL ARBI-Enrichissement;HJ;NOVA;Composant non exploitť;
VL ARBI-Enrichissement;RX;NOVA;Composant non exploitť;
VL ARBI-Enrichissement;WP;NOVA;Composant non exploitť;
VL ARBI-Enrichissement;FM;NOVA;Composant non exploitť;
VL ARBI-Enrichissement;JF;NOVA;Composant non exploitť;
VL ARBI-Enrichissement;GG;NOVA;Composant non exploitť;
VL ARBI-Enrichissement;GH;NOVA;Composant non exploitť;
VL ARBI-Enrichissement;CICS (LCL);MVS Z/OS (Ingenium);Composant utilisť;
VL ARBI-Enrichissement;DB2 (LCL);MVS Z/OS (Ingenium);Composant utilisť;
VL ARBI-Enrichissement;INVI/VC (LCL);MVS Z/OS (Ingenium);Composant utilisť;
VL ARBI-Enrichissement;PE (LCL);MVS Z/OS (Ingenium);Composant utilisť;
VL ARBI-Enrichissement;CICS (CA);MVS Z/OS (Ingenium);Composant utilisť;
VL ARBI-Enrichissement;DB2 (CA);MVS Z/OS (Ingenium);Composant utilisť;
VL ARBI-Enrichissement;INVI/VC (CA);MVS Z/OS (Ingenium);Composant utilisť;
VL ARBI-Enrichissement;PE (CA);MVS Z/OS (Ingenium);Composant utilisť;
VL ARBI-Enrichissement;Dťt. Contrat natif MB;CA-TS;Composant utilisť;
VL ARBI-Enrichissement;Microservices;CA-TS;Composant utilisť;
VL ARBI-Enrichissement;BAM;CA-TS;Composant utilisť;
VL ARBI-Enrichissement;NPC;CA-TS;Composant utilisť;
VL ARBI-Enrichissement;SIG9;CA-TS;Composant utilisť;
VL ARBI-Enrichissement;RAC;CA-TS;Composant utilisť;
VL ARBI-Enrichissement;PDI9;CA-TS;Composant utilisť;
VL ARBI-Enrichissement;Xconnect;CA-TS;Composant utilisť;
VL ARBI-Enrichissement;BPM;CA-TS;Composant utilisť;
VL ARBI-Enrichissement;SIMM;CA-TS;Composant utilisť;
VL ARBI-Enrichissement;HUB;CA-TS;Composant utilisť;
VL ARBI-Enrichissement;APX9;CA-TS;Composant utilisť;
VL ARBI-Enrichissement;W5;Avanet;Composant non exploitť;
VL ARBI-Enrichissement;AEDI;Avanet;Composant non exploitť;
VL ARBI-Enrichissement;SVOD;Avanet;Composant non exploitť;
VL ARBI-Enrichissement;PW;Avanet;Composant non exploitť;
VL ARBI-Enrichissement;VS;SimulAssur;Composant non exploitť;
VL ARBI-Enrichissement;SR;SimulAssur;Composant non exploitť;
VL ARBI-Enrichissement;EP;SimulAssur;Composant non exploitť;
VL ARBI-Enrichissement;J2;Plateforme Data (PFD);Composant non exploitť;
VL ARBI-Enrichissement;J6;Plateforme Data (PFD);Composant non exploitť;
VL ARBI-Enrichissement;J8;Plateforme Data (PFD);Composant non exploitť;
VL ARBI-Enrichissement;MesComptes;LCL;Composant non exploitť;
VL ARBI-Enrichissement;BEL;LCL;Composant non exploitť;
VL ARBI-Enrichissement;Docapost;LCL;Composant non exploitť;
VL ARBI-Enrichissement;BD;Prediweb 1;Composant non exploitť;
VL ARBI-Enrichissement;SGR;Prediweb 1;Composant non exploitť;
VL ARBI-Enrichissement;PY;Prediweb 2;Composant non exploitť;
VL ARBI-Enrichissement;AJ;AIA V4 (Sinistres);Composant non exploitť;
VL ARBI-Enrichissement;PWC2;ETL;Composant non exploitť;
VL ARBI-Enrichissement;EBX;EBX;Composant non exploitť;
VL ARBI-Enrichissement;VL;REFUC;Composant non exploitť;
VL ARBI-Enrichissement;BX;BDOC;Composant non exploitť;
VL ARBI-Enrichissement;ONDM;Editique;Composant non exploitť;
PROJET (Generic);APPE;New NOVA (K8S+AWS);Composant non exploitť;
PROJET (Generic);CJNI;New NOVA (K8S+AWS);Composant non exploitť;
PROJET (Generic);C8;New NOVA (K8S+AWS);Composant non exploitť;
PROJET (Generic);D9;New NOVA (K8S+AWS);Composant non exploitť;
PROJET (Generic);F3;New NOVA (K8S+AWS);Composant non exploitť;
PROJET (Generic);F4;New NOVA (K8S+AWS);Composant non exploitť;
PROJET (Generic);F5;New NOVA (K8S+AWS);Composant non exploitť;
PROJET (Generic);F6;New NOVA (K8S+AWS);Composant non exploitť;
PROJET (Generic);F7;New NOVA (K8S+AWS);Composant non exploitť;
PROJET (Generic);F8;New NOVA (K8S+AWS);Composant non exploitť;
PROJET (Generic);G3;New NOVA (K8S+AWS);Composant non exploitť;
PROJET (Generic);G4;New NOVA (K8S+AWS);Composant non exploitť;
PROJET (Generic);G6;New NOVA (K8S+AWS);Composant non exploitť;
PROJET (Generic);GQ;New NOVA (K8S+AWS);Composant non exploitť;
PROJET (Generic);H4;New NOVA (K8S+AWS);Composant non exploitť;
PROJET (Generic);HH;New NOVA (K8S+AWS);Composant non exploitť;
PROJET (Generic);I5;New NOVA (K8S+AWS);Composant non exploitť;
PROJET (Generic);I9;New NOVA (K8S+AWS);Composant non exploitť;
PROJET (Generic);K7;New NOVA (K8S+AWS);Composant non exploitť;
PROJET (Generic);K9;New NOVA (K8S+AWS);Composant non exploitť;
PROJET (Generic);L8;New NOVA (K8S+AWS);Composant non exploitť;
PROJET (Generic);L9;New NOVA (K8S+AWS);Composant non exploitť;
PROJET (Generic);N6;New NOVA (K8S+AWS);Composant non exploitť;
PROJET (Generic);N8;New NOVA (K8S+AWS);Composant non exploitť;
PROJET (Generic);P4;New NOVA (K8S+AWS);Composant non exploitť;
PROJET (Generic);P5;New NOVA (K8S+AWS);Composant non exploitť;
PROJET (Generic);P6;New NOVA (K8S+AWS);Composant non exploitť;
PROJET (Generic);P7;New NOVA (K8S+AWS);Composant non exploitť;
PROJET (Generic);P8;New NOVA (K8S+AWS);Composant non exploitť;
PROJET (Generic);Q1;New NOVA (K8S+AWS);Composant non exploitť;
PROJET (Generic);T2;New NOVA (K8S+AWS);Composant non exploitť;
PROJET (Generic);T3;New NOVA (K8S+AWS);Composant non exploitť;
PROJET (Generic);W1;New NOVA (K8S+AWS);Composant non exploitť;
PROJET (Generic);W2;New NOVA (K8S+AWS);Composant non exploitť;
PROJET (Generic);W4;New NOVA (K8S+AWS);Composant non exploitť;
PROJET (Generic);OX;NOVA;Composant non exploitť;
PROJET (Generic);MX;NOVA;Composant non exploitť;
PROJET (Generic);SX;NOVA;Composant non exploitť;
PROJET (Generic);HX;NOVA;Composant non exploitť;
PROJET (Generic);HJ;NOVA;Composant non exploitť;
PROJET (Generic);RX;NOVA;Composant non exploitť;
PROJET (Generic);WP;NOVA;Composant non exploitť;
PROJET (Generic);FM;NOVA;Composant non exploitť;
PROJET (Generic);JF;NOVA;Composant non exploitť;
PROJET (Generic);GG;NOVA;Composant non exploitť;
PROJET (Generic);GH;NOVA;Composant non exploitť;
PROJET (Generic);CICS (LCL);MVS Z/OS (Ingenium);Composant utilisť;
PROJET (Generic);DB2 (LCL);MVS Z/OS (Ingenium);Composant utilisť;
PROJET (Generic);INVI/VC (LCL);MVS Z/OS (Ingenium);Composant utilisť;
PROJET (Generic);PE (LCL);MVS Z/OS (Ingenium);Composant utilisť;
PROJET (Generic);CICS (CA);MVS Z/OS (Ingenium);Composant utilisť;
PROJET (Generic);DB2 (CA);MVS Z/OS (Ingenium);Composant utilisť;
PROJET (Generic);INVI/VC (CA);MVS Z/OS (Ingenium);Composant utilisť;
PROJET (Generic);PE (CA);MVS Z/OS (Ingenium);Composant utilisť;
PROJET (Generic);Dťt. Contrat natif MB;CA-TS;Composant utilisť;
PROJET (Generic);Microservices;CA-TS;Composant utilisť;
PROJET (Generic);BAM;CA-TS;Composant utilisť;
PROJET (Generic);NPC;CA-TS;Composant utilisť;
PROJET (Generic);SIG9;CA-TS;Composant utilisť;
PROJET (Generic);RAC;CA-TS;Composant utilisť;
PROJET (Generic);PDI9;CA-TS;Composant utilisť;
PROJET (Generic);Xconnect;CA-TS;Composant utilisť;
PROJET (Generic);BPM;CA-TS;Composant utilisť;
PROJET (Generic);SIMM;CA-TS;Composant utilisť;
PROJET (Generic);HUB;CA-TS;Composant utilisť;
PROJET (Generic);APX9;CA-TS;Composant utilisť;
PROJET (Generic);W5;Avanet;Composant non exploitť;
PROJET (Generic);AEDI;Avanet;Composant non exploitť;
PROJET (Generic);SVOD;Avanet;Composant non exploitť;
PROJET (Generic);PW;Avanet;Composant non exploitť;
PROJET (Generic);VS;SimulAssur;Composant non exploitť;
PROJET (Generic);SR;SimulAssur;Composant non exploitť;
PROJET (Generic);EP;SimulAssur;Composant non exploitť;
PROJET (Generic);J2;Plateforme Data (PFD);Composant non exploitť;
PROJET (Generic);J6;Plateforme Data (PFD);Composant non exploitť;
PROJET (Generic);J8;Plateforme Data (PFD);Composant non exploitť;
PROJET (Generic);MesComptes;LCL;Composant non exploitť;
PROJET (Generic);BEL;LCL;Composant non exploitť;
PROJET (Generic);Docapost;LCL;Composant non exploitť;
PROJET (Generic);BD;Prediweb 1;Composant non exploitť;
PROJET (Generic);SGR;Prediweb 1;Composant non exploitť;
PROJET (Generic);PY;Prediweb 2;Composant non exploitť;
PROJET (Generic);AJ;AIA V4 (Sinistres);Composant non exploitť;
PROJET (Generic);PWC2;ETL;Composant non exploitť;
PROJET (Generic);EBX;EBX;Composant non exploitť;
PROJET (Generic);VL;REFUC;Composant non exploitť;
PROJET (Generic);BX;BDOC;Composant non exploitť;
PROJET (Generic);ONDM;Editique;Composant non exploitť;
